2022-03-13 16:34:13.538849824 +0700 WIB m=+2.126300024,OUT,CHECK,startServer,not ready
2022-03-13 16:34:15.542361469 +0700 WIB m=+4.129811603,OUT,CHECK,startServer,not ready
2022-03-13 16:34:17.544769608 +0700 WIB m=+6.132219818,OUT,CHECK,startServer,not ready
2022-03-13 16:34:19.549737563 +0700 WIB m=+8.137187776,OUT,CHECK,startServer,not ready
2022-03-13 16:34:21.554443537 +0700 WIB m=+10.141893671,OUT,CHECK,startServer,not ready
2022-03-13 16:34:23.556615338 +0700 WIB m=+12.144065489,OUT,CHECK,startServer,not ready
2022-03-13 16:34:23.557841401 +0700 WIB m=+12.145291545,OUT,CHECK,startServer,ready
2022-03-13 16:34:24.164640991 +0700 WIB m=+12.752091180,OUT,START,startServer,Serving HTTP on 0.0.0.0 port 8080 (http://0.0.0.0:8080/) ...
2022-03-13 16:34:24.164743826 +0700 WIB m=+12.752193996,OUT,START,startServer,
2022-03-13 16:34:24.165084372 +0700 WIB m=+12.752534574,OUT,START,startServer,"Keyboard interrupt received, exiting."
2022-04-24 21:56:36.514896342 +0700 WIB m=+2.171479103,OUT,CHECK,startServer,not ready
2022-04-24 21:56:38.516961943 +0700 WIB m=+4.173544706,OUT,CHECK,startServer,not ready
2022-04-24 21:56:40.518830326 +0700 WIB m=+6.175413088,OUT,CHECK,startServer,not ready
2022-04-24 21:56:42.52071743 +0700 WIB m=+8.177300190,OUT,CHECK,startServer,not ready
2022-04-24 21:56:44.522607068 +0700 WIB m=+10.179189837,OUT,CHECK,startServer,not ready
2022-04-24 21:56:46.524494808 +0700 WIB m=+12.181077569,OUT,CHECK,startServer,not ready
2022-04-24 21:56:46.52554354 +0700 WIB m=+12.182126302,OUT,CHECK,startServer,ready
2022-04-24 21:56:48.129074563 +0700 WIB m=+13.785657323,OUT,START,startServer,Serving HTTP on 0.0.0.0 port 8080 (http://0.0.0.0:8080/) ...
2022-04-24 21:56:48.129106273 +0700 WIB m=+13.785689032,OUT,START,startServer,
2022-04-24 21:56:48.129205367 +0700 WIB m=+13.785788131,OUT,START,startServer,"Keyboard interrupt received, exiting."
2022-04-24 22:01:57.759856233 +0700 WIB m=+2.134600811,OUT,CHECK,startServer,not ready
2022-04-24 22:01:59.761592621 +0700 WIB m=+4.136337196,OUT,CHECK,startServer,not ready
2022-04-24 22:02:01.763502613 +0700 WIB m=+6.138247189,OUT,CHECK,startServer,not ready
2022-04-24 22:02:03.765233065 +0700 WIB m=+8.139977641,OUT,CHECK,startServer,not ready
2022-04-24 22:02:05.767030502 +0700 WIB m=+10.141775077,OUT,CHECK,startServer,not ready
2022-04-24 22:02:07.769067135 +0700 WIB m=+12.143811710,OUT,CHECK,startServer,not ready
2022-04-24 22:02:07.770212086 +0700 WIB m=+12.144956662,OUT,CHECK,startServer,ready
2022-04-24 22:02:09.374257307 +0700 WIB m=+13.749001883,OUT,START,startServer,Serving HTTP on 0.0.0.0 port 8080 (http://0.0.0.0:8080/) ...
2022-04-24 22:02:09.374293647 +0700 WIB m=+13.749038222,OUT,START,startServer,
2022-04-24 22:02:09.374425265 +0700 WIB m=+13.749169839,OUT,START,startServer,"Keyboard interrupt received, exiting."
2022-04-24 22:13:10.71218018 +0700 WIB m=+2.133379983,OUT,CHECK,startServer,not ready
2022-04-24 22:13:12.714229778 +0700 WIB m=+4.135429580,OUT,CHECK,startServer,not ready
2022-04-24 22:13:14.716309322 +0700 WIB m=+6.137509125,OUT,CHECK,startServer,not ready
2022-04-24 22:13:16.718280651 +0700 WIB m=+8.139480453,OUT,CHECK,startServer,not ready
2022-04-24 22:13:18.720077098 +0700 WIB m=+10.141276902,OUT,CHECK,startServer,not ready
2022-04-24 22:13:20.722164373 +0700 WIB m=+12.143364175,OUT,CHECK,startServer,not ready
2022-04-24 22:13:20.72338175 +0700 WIB m=+12.144581553,OUT,CHECK,startServer,ready
2022-04-24 22:13:22.327556418 +0700 WIB m=+13.748756223,OUT,START,startServer,Serving HTTP on 0.0.0.0 port 8080 (http://0.0.0.0:8080/) ...
2022-04-24 22:13:22.32759537 +0700 WIB m=+13.748795173,OUT,START,startServer,
2022-04-24 22:13:22.327696493 +0700 WIB m=+13.748896297,OUT,START,startServer,"Keyboard interrupt received, exiting."
2022-04-24 22:17:06.269661454 +0700 WIB m=+2.135887910,OUT,CHECK,startServer,not ready
2022-04-24 22:17:08.271801036 +0700 WIB m=+4.138027491,OUT,CHECK,startServer,not ready
2022-04-24 22:17:10.273632898 +0700 WIB m=+6.139859354,OUT,CHECK,startServer,not ready
2022-04-24 22:17:12.275291288 +0700 WIB m=+8.141517742,OUT,CHECK,startServer,not ready
2022-04-24 22:17:14.277188241 +0700 WIB m=+10.143414697,OUT,CHECK,startServer,not ready
2022-04-24 22:17:16.27890882 +0700 WIB m=+12.145135275,OUT,CHECK,startServer,not ready
2022-04-24 22:17:16.279903601 +0700 WIB m=+12.146130056,OUT,CHECK,startServer,ready
2022-04-24 22:17:17.882099728 +0700 WIB m=+13.748326182,OUT,START,startServer,Serving HTTP on 0.0.0.0 port 8080 (http://0.0.0.0:8080/) ...
2022-04-24 22:17:17.882136257 +0700 WIB m=+13.748362710,OUT,START,startServer,
2022-04-24 22:17:17.882250673 +0700 WIB m=+13.748477127,OUT,START,startServer,"Keyboard interrupt received, exiting."
2022-04-24 22:33:04.069351222 +0700 WIB m=+2.139634787,OUT,CHECK,startServer,not ready
2022-04-24 22:33:06.071213098 +0700 WIB m=+4.141496665,OUT,CHECK,startServer,not ready
2022-04-24 22:33:08.073716053 +0700 WIB m=+6.143999624,OUT,CHECK,startServer,not ready
2022-04-24 22:33:10.07748776 +0700 WIB m=+8.147771324,OUT,CHECK,startServer,not ready
2022-04-24 22:33:12.079489451 +0700 WIB m=+10.149773018,OUT,CHECK,startServer,not ready
2022-04-24 22:33:14.081430801 +0700 WIB m=+12.151714366,OUT,CHECK,startServer,not ready
2022-04-24 22:33:14.082530502 +0700 WIB m=+12.152814070,OUT,CHECK,startServer,ready
2022-04-24 22:33:15.686056528 +0700 WIB m=+13.756340093,OUT,START,startServer,Serving HTTP on 0.0.0.0 port 8080 (http://0.0.0.0:8080/) ...
2022-04-24 22:33:15.686106168 +0700 WIB m=+13.756389732,OUT,START,startServer,
2022-04-24 22:33:15.686309651 +0700 WIB m=+13.756593214,OUT,START,startServer,"Keyboard interrupt received, exiting."
2022-04-25 07:38:43.901963238 +0700 WIB m=+2.134241746,OUT,CHECK,startServer,not ready
2022-04-25 07:38:45.904296249 +0700 WIB m=+4.136574755,OUT,CHECK,startServer,not ready
2022-04-25 07:38:47.906465081 +0700 WIB m=+6.138743597,OUT,CHECK,startServer,not ready
2022-04-25 07:38:49.908683201 +0700 WIB m=+8.140961709,OUT,CHECK,startServer,not ready
2022-04-25 07:38:51.9108642 +0700 WIB m=+10.143142719,OUT,CHECK,startServer,not ready
2022-04-25 07:38:53.912777035 +0700 WIB m=+12.145055551,OUT,CHECK,startServer,not ready
2022-04-25 07:38:53.913713912 +0700 WIB m=+12.145992422,OUT,CHECK,startServer,ready
2022-04-25 07:38:55.519960412 +0700 WIB m=+13.752238920,OUT,START,startServer,Serving HTTP on 0.0.0.0 port 8080 (http://0.0.0.0:8080/) ...
2022-04-25 07:38:55.51999583 +0700 WIB m=+13.752274338,OUT,START,startServer,
2022-04-25 07:38:55.520088696 +0700 WIB m=+13.752367205,OUT,START,startServer,"Keyboard interrupt received, exiting."
2022-04-25 07:46:17.730633446 +0700 WIB m=+2.131163255,OUT,CHECK,startServer,not ready
2022-04-25 07:46:19.732649966 +0700 WIB m=+4.133179777,OUT,CHECK,startServer,not ready
2022-04-25 07:46:21.734698137 +0700 WIB m=+6.135227945,OUT,CHECK,startServer,not ready
2022-04-25 07:46:23.736852619 +0700 WIB m=+8.137382429,OUT,CHECK,startServer,not ready
2022-04-25 07:46:25.738772448 +0700 WIB m=+10.139302257,OUT,CHECK,startServer,not ready
2022-04-25 07:46:27.740544903 +0700 WIB m=+12.141074712,OUT,CHECK,startServer,not ready
2022-04-25 07:46:27.741729576 +0700 WIB m=+12.142259386,OUT,CHECK,startServer,ready
2022-04-25 07:46:29.34513642 +0700 WIB m=+13.745666230,OUT,START,startServer,Serving HTTP on 0.0.0.0 port 8080 (http://0.0.0.0:8080/) ...
2022-04-25 07:46:29.345173935 +0700 WIB m=+13.745703744,OUT,START,startServer,
2022-04-25 07:46:29.345264817 +0700 WIB m=+13.745794624,OUT,START,startServer,"Keyboard interrupt received, exiting."
2022-04-25 08:10:05.414251111 +0700 WIB m=+2.135579549,OUT,CHECK,startServer,not ready
2022-04-25 08:10:07.416407319 +0700 WIB m=+4.137735757,OUT,CHECK,startServer,not ready
2022-04-25 08:10:09.418477742 +0700 WIB m=+6.139806178,OUT,CHECK,startServer,not ready
2022-04-25 08:10:11.420595538 +0700 WIB m=+8.141923976,OUT,CHECK,startServer,not ready
2022-04-25 08:10:13.422635335 +0700 WIB m=+10.143963773,OUT,CHECK,startServer,not ready
2022-04-25 08:10:15.425860564 +0700 WIB m=+12.147189005,OUT,CHECK,startServer,not ready
2022-04-25 08:10:15.42676074 +0700 WIB m=+12.148089179,OUT,CHECK,startServer,ready
2022-04-25 08:10:17.031270507 +0700 WIB m=+13.752598951,OUT,START,startServer,Serving HTTP on 0.0.0.0 port 8080 (http://0.0.0.0:8080/) ...
2022-04-25 08:10:17.03131686 +0700 WIB m=+13.752645304,OUT,START,startServer,
2022-04-25 08:10:17.031432415 +0700 WIB m=+13.752760859,OUT,START,startServer,"Keyboard interrupt received, exiting."
2022-04-25 08:14:20.155841205 +0700 WIB m=+2.131107222,OUT,CHECK,startServer,not ready
2022-04-25 08:14:22.157784564 +0700 WIB m=+4.133050580,OUT,CHECK,startServer,not ready
2022-04-25 08:14:24.159490656 +0700 WIB m=+6.134756696,OUT,CHECK,startServer,not ready
2022-04-25 08:14:26.161310154 +0700 WIB m=+8.136576170,OUT,CHECK,startServer,not ready
2022-04-25 08:14:28.1631542 +0700 WIB m=+10.138420218,OUT,CHECK,startServer,not ready
2022-04-25 08:14:30.164944701 +0700 WIB m=+12.140210716,OUT,CHECK,startServer,not ready
2022-04-25 08:14:30.166011248 +0700 WIB m=+12.141277271,OUT,CHECK,startServer,ready
2022-04-25 08:14:31.770843753 +0700 WIB m=+13.746109774,OUT,START,startServer,Serving HTTP on 0.0.0.0 port 8080 (http://0.0.0.0:8080/) ...
2022-04-25 08:14:31.770907839 +0700 WIB m=+13.746173857,OUT,START,startServer,
2022-04-25 08:14:31.771006545 +0700 WIB m=+13.746272563,OUT,START,startServer,"Keyboard interrupt received, exiting."
2022-04-25 08:25:52.057450785 +0700 WIB m=+2.147779442,OUT,CHECK,startServer,not ready
2022-04-25 08:25:54.059213361 +0700 WIB m=+4.149542019,OUT,CHECK,startServer,not ready
2022-04-25 08:25:56.061800836 +0700 WIB m=+6.152129494,OUT,CHECK,startServer,not ready
2022-04-25 08:25:58.063501361 +0700 WIB m=+8.153830019,OUT,CHECK,startServer,not ready
2022-04-25 08:26:00.065325424 +0700 WIB m=+10.155654082,OUT,CHECK,startServer,not ready
2022-04-25 08:26:02.067155213 +0700 WIB m=+12.157483872,OUT,CHECK,startServer,not ready
2022-04-25 08:26:02.068606419 +0700 WIB m=+12.158935104,OUT,CHECK,startServer,ready
2022-04-25 08:26:03.673113771 +0700 WIB m=+13.763442432,OUT,START,startServer,Serving HTTP on 0.0.0.0 port 8080 (http://0.0.0.0:8080/) ...
2022-04-25 08:26:03.673149374 +0700 WIB m=+13.763478032,OUT,START,startServer,
2022-04-25 08:26:03.673232991 +0700 WIB m=+13.763561651,OUT,START,startServer,"Keyboard interrupt received, exiting."
2022-04-25 21:48:10.294777916 +0700 WIB m=+2.219930720,OUT,CHECK,startServer,not ready
2022-04-25 21:48:12.297943863 +0700 WIB m=+4.223096667,OUT,CHECK,startServer,not ready
2022-04-25 21:48:14.300453403 +0700 WIB m=+6.225606181,OUT,CHECK,startServer,not ready
2022-04-25 21:48:16.303576267 +0700 WIB m=+8.228729071,OUT,CHECK,startServer,not ready
2022-04-25 21:48:18.306018527 +0700 WIB m=+10.231171317,OUT,CHECK,startServer,not ready
2022-04-25 21:48:20.30840412 +0700 WIB m=+12.233556926,OUT,CHECK,startServer,not ready
2022-04-25 21:48:20.31007359 +0700 WIB m=+12.235226379,OUT,CHECK,startServer,ready
2022-04-25 21:48:21.913442961 +0700 WIB m=+13.838595754,OUT,START,startServer,Serving HTTP on 0.0.0.0 port 8080 (http://0.0.0.0:8080/) ...
2022-04-25 21:48:21.913497296 +0700 WIB m=+13.838650085,OUT,START,startServer,
2022-04-25 21:48:21.913603573 +0700 WIB m=+13.838756363,OUT,START,startServer,"Keyboard interrupt received, exiting."
2022-04-25 21:52:52.539993306 +0700 WIB m=+2.144129729,OUT,CHECK,startServer,not ready
2022-04-25 21:52:54.542185582 +0700 WIB m=+4.146322004,OUT,CHECK,startServer,not ready
2022-04-25 21:52:56.544355415 +0700 WIB m=+6.148491837,OUT,CHECK,startServer,not ready
2022-04-25 21:52:58.546477574 +0700 WIB m=+8.150613997,OUT,CHECK,startServer,not ready
2022-04-25 21:53:00.548526499 +0700 WIB m=+10.152662921,OUT,CHECK,startServer,not ready
2022-04-25 21:53:02.5509313 +0700 WIB m=+12.155067721,OUT,CHECK,startServer,not ready
2022-04-25 21:53:02.551997102 +0700 WIB m=+12.156133525,OUT,CHECK,startServer,ready
2022-04-25 21:53:04.157180254 +0700 WIB m=+13.761316673,OUT,START,startServer,Serving HTTP on 0.0.0.0 port 8080 (http://0.0.0.0:8080/) ...
2022-04-25 21:53:04.157210827 +0700 WIB m=+13.761347248,OUT,START,startServer,
2022-04-25 21:53:04.157405266 +0700 WIB m=+13.761541688,OUT,START,startServer,"Keyboard interrupt received, exiting."
2022-04-25 21:56:27.726649797 +0700 WIB m=+2.134138685,OUT,CHECK,startServer,not ready
2022-04-25 21:56:29.728524213 +0700 WIB m=+4.136013099,OUT,CHECK,startServer,not ready
2022-04-25 21:56:31.730454643 +0700 WIB m=+6.137943530,OUT,CHECK,startServer,not ready
2022-04-25 21:56:33.732603041 +0700 WIB m=+8.140091926,OUT,CHECK,startServer,not ready
2022-04-25 21:56:35.734500163 +0700 WIB m=+10.141989050,OUT,CHECK,startServer,not ready
2022-04-25 21:56:37.736330778 +0700 WIB m=+12.143819664,OUT,CHECK,startServer,not ready
2022-04-25 21:56:37.737295841 +0700 WIB m=+12.144784734,OUT,CHECK,startServer,ready
2022-04-25 21:56:39.341831312 +0700 WIB m=+13.749320197,OUT,START,startServer,Serving HTTP on 0.0.0.0 port 8080 (http://0.0.0.0:8080/) ...
2022-04-25 21:56:39.341900935 +0700 WIB m=+13.749389824,OUT,START,startServer,
2022-04-25 21:56:39.342005516 +0700 WIB m=+13.749494405,OUT,START,startServer,"Keyboard interrupt received, exiting."
2022-04-26 08:03:44.019780018 +0700 WIB m=+2.217673339,OUT,CHECK,startServer,not ready
2022-04-26 08:03:46.022156495 +0700 WIB m=+4.220049810,OUT,CHECK,startServer,not ready
2022-04-26 08:03:48.024345399 +0700 WIB m=+6.222238704,OUT,CHECK,startServer,not ready
2022-04-26 08:03:50.026432043 +0700 WIB m=+8.224325364,OUT,CHECK,startServer,not ready
2022-04-26 08:03:52.029284546 +0700 WIB m=+10.227177866,OUT,CHECK,startServer,not ready
2022-04-26 08:03:54.032101121 +0700 WIB m=+12.229994425,OUT,CHECK,startServer,not ready
2022-04-26 08:03:54.033259353 +0700 WIB m=+12.231152671,OUT,CHECK,startServer,ready
2022-04-26 08:03:55.637033868 +0700 WIB m=+13.834927169,OUT,START,startServer,Serving HTTP on 0.0.0.0 port 8080 (http://0.0.0.0:8080/) ...
2022-04-26 08:03:55.637068541 +0700 WIB m=+13.834961839,OUT,START,startServer,
2022-04-26 08:03:55.637163103 +0700 WIB m=+13.835056406,OUT,START,startServer,"Keyboard interrupt received, exiting."
2022-04-26 08:05:56.80926662 +0700 WIB m=+2.140134606,OUT,CHECK,startServer,not ready
2022-04-26 08:05:58.810946322 +0700 WIB m=+4.141814306,OUT,CHECK,startServer,not ready
2022-04-26 08:06:00.812961224 +0700 WIB m=+6.143829210,OUT,CHECK,startServer,not ready
2022-04-26 08:06:02.814855912 +0700 WIB m=+8.145723904,OUT,CHECK,startServer,not ready
2022-04-26 08:06:04.816840814 +0700 WIB m=+10.147708800,OUT,CHECK,startServer,not ready
2022-04-26 08:06:06.818627049 +0700 WIB m=+12.149495041,OUT,CHECK,startServer,not ready
2022-04-26 08:06:06.81972424 +0700 WIB m=+12.150592229,OUT,CHECK,startServer,ready
2022-04-26 08:06:08.424807435 +0700 WIB m=+13.755675421,OUT,START,startServer,Serving HTTP on 0.0.0.0 port 8080 (http://0.0.0.0:8080/) ...
2022-04-26 08:06:08.424861156 +0700 WIB m=+13.755729142,OUT,START,startServer,
2022-04-26 08:06:08.424961785 +0700 WIB m=+13.755829777,OUT,START,startServer,"Keyboard interrupt received, exiting."
2022-04-26 08:30:57.701434632 +0700 WIB m=+2.136926462,OUT,CHECK,startServer,not ready
2022-04-26 08:30:59.703469545 +0700 WIB m=+4.138961377,OUT,CHECK,startServer,not ready
2022-04-26 08:31:01.705631627 +0700 WIB m=+6.141123456,OUT,CHECK,startServer,not ready
2022-04-26 08:31:03.707479575 +0700 WIB m=+8.142971410,OUT,CHECK,startServer,not ready
2022-04-26 08:31:05.709250137 +0700 WIB m=+10.144741972,OUT,CHECK,startServer,not ready
2022-04-26 08:31:07.711341672 +0700 WIB m=+12.146833510,OUT,CHECK,startServer,not ready
2022-04-26 08:31:07.71236927 +0700 WIB m=+12.147861098,OUT,CHECK,startServer,ready
2022-04-26 08:31:09.317260334 +0700 WIB m=+13.752752160,OUT,START,startServer,Serving HTTP on 0.0.0.0 port 8080 (http://0.0.0.0:8080/) ...
2022-04-26 08:31:09.317298148 +0700 WIB m=+13.752789974,OUT,START,startServer,
2022-04-26 08:31:09.317427457 +0700 WIB m=+13.752919284,OUT,START,startServer,"Keyboard interrupt received, exiting."
2022-04-30 15:07:30.681853632 +0700 WIB m=+2.154387784,OUT,CHECK,startServer,not ready
2022-04-30 15:07:32.683545086 +0700 WIB m=+4.156079239,OUT,CHECK,startServer,not ready
2022-04-30 15:07:34.685890628 +0700 WIB m=+6.158424779,OUT,CHECK,startServer,not ready
2022-04-30 15:07:36.687880914 +0700 WIB m=+8.160415066,OUT,CHECK,startServer,not ready
2022-04-30 15:07:38.689525777 +0700 WIB m=+10.162059928,OUT,CHECK,startServer,not ready
2022-04-30 15:07:40.691625114 +0700 WIB m=+12.164159266,OUT,CHECK,startServer,not ready
2022-04-30 15:07:40.692528782 +0700 WIB m=+12.165062935,OUT,CHECK,startServer,ready
2022-04-30 15:07:42.295653783 +0700 WIB m=+13.768187934,OUT,START,startServer,Serving HTTP on 0.0.0.0 port 8080 (http://0.0.0.0:8080/) ...
2022-04-30 15:07:42.295667584 +0700 WIB m=+13.768201737,OUT,START,startServer,
2022-04-30 15:07:42.295750826 +0700 WIB m=+13.768284976,OUT,START,startServer,"Keyboard interrupt received, exiting."
2022-05-01 15:07:30.29548523 +0700 WIB m=+2.188008826,OUT,CHECK,startServer,not ready
2022-05-01 15:07:32.297641974 +0700 WIB m=+4.190165571,OUT,CHECK,startServer,not ready
2022-05-01 15:07:34.299825516 +0700 WIB m=+6.192349111,OUT,CHECK,startServer,not ready
2022-05-01 15:07:36.301865582 +0700 WIB m=+8.194389180,OUT,CHECK,startServer,not ready
2022-05-01 15:07:38.303694153 +0700 WIB m=+10.196217749,OUT,CHECK,startServer,not ready
2022-05-01 15:07:40.305991471 +0700 WIB m=+12.198515067,OUT,CHECK,startServer,not ready
2022-05-01 15:07:40.307239864 +0700 WIB m=+12.199763460,OUT,CHECK,startServer,ready
2022-05-01 15:07:41.911159588 +0700 WIB m=+13.803683184,OUT,START,startServer,Serving HTTP on 0.0.0.0 port 8080 (http://0.0.0.0:8080/) ...
2022-05-01 15:07:41.911189824 +0700 WIB m=+13.803713420,OUT,START,startServer,
2022-05-01 15:07:41.911261532 +0700 WIB m=+13.803785131,OUT,START,startServer,"Keyboard interrupt received, exiting."
2022-05-01 15:52:26.53286975 +0700 WIB m=+2.165730574,OUT,CHECK,startServer,not ready
2022-05-01 15:52:28.534874529 +0700 WIB m=+4.167735326,OUT,CHECK,startServer,not ready
2022-05-01 15:52:30.536706549 +0700 WIB m=+6.169567347,OUT,CHECK,startServer,not ready
2022-05-01 15:52:32.538827364 +0700 WIB m=+8.171688161,OUT,CHECK,startServer,not ready
2022-05-01 15:52:34.541015093 +0700 WIB m=+10.173875895,OUT,CHECK,startServer,not ready
2022-05-01 15:52:36.543119995 +0700 WIB m=+12.175980795,OUT,CHECK,startServer,not ready
2022-05-01 15:52:36.544148857 +0700 WIB m=+12.177009662,OUT,CHECK,startServer,ready
2022-05-01 15:52:38.14776604 +0700 WIB m=+13.780626837,OUT,START,startServer,Serving HTTP on 0.0.0.0 port 8080 (http://0.0.0.0:8080/) ...
2022-05-01 15:52:38.147804045 +0700 WIB m=+13.780664846,OUT,START,startServer,
2022-05-01 15:52:38.147894349 +0700 WIB m=+13.780755151,OUT,START,startServer,"Keyboard interrupt received, exiting."
2022-05-01 17:35:16.988191968 +0700 WIB m=+2.146669107,OUT,CHECK,startServer,not ready
2022-05-01 17:35:18.989786776 +0700 WIB m=+4.148263915,OUT,CHECK,startServer,not ready
2022-05-01 17:35:20.991602349 +0700 WIB m=+6.150079497,OUT,CHECK,startServer,not ready
2022-05-01 17:35:22.993233905 +0700 WIB m=+8.151711053,OUT,CHECK,startServer,not ready
2022-05-01 17:35:24.995029208 +0700 WIB m=+10.153506347,OUT,CHECK,startServer,not ready
2022-05-01 17:35:25.028221503 +0700 WIB m=+10.186698652,OUT,START,startServer,Serving HTTP on 0.0.0.0 port 8080 (http://0.0.0.0:8080/) ...
2022-05-01 17:35:26.996999572 +0700 WIB m=+12.155476722,OUT,CHECK,startServer,not ready
2022-05-01 17:35:26.998080914 +0700 WIB m=+12.156558056,OUT,CHECK,startServer,ready
2022-05-01 17:35:28.602186163 +0700 WIB m=+13.760663301,OUT,START,startServer,
2022-05-01 17:35:28.602207243 +0700 WIB m=+13.760684382,OUT,START,startServer,"Keyboard interrupt received, exiting."
2022-05-06 21:54:11.76332233 +0700 WIB m=+2.150945928,OUT,CHECK,startServer,not ready
2022-05-06 21:54:13.765244057 +0700 WIB m=+4.152867655,OUT,CHECK,startServer,not ready
2022-05-06 21:54:15.766776202 +0700 WIB m=+6.154399823,OUT,CHECK,startServer,not ready
2022-05-06 21:54:17.768461747 +0700 WIB m=+8.156085343,OUT,CHECK,startServer,not ready
2022-05-06 21:54:19.770327624 +0700 WIB m=+10.157951231,OUT,CHECK,startServer,not ready
2022-05-06 21:54:19.842794158 +0700 WIB m=+10.230417754,OUT,START,startServer,Serving HTTP on 0.0.0.0 port 8080 (http://0.0.0.0:8080/) ...
2022-05-06 21:54:21.77232831 +0700 WIB m=+12.159951924,OUT,CHECK,startServer,not ready
2022-05-06 21:54:21.773253999 +0700 WIB m=+12.160877606,OUT,CHECK,startServer,ready
2022-05-06 21:54:23.37753776 +0700 WIB m=+13.765161356,OUT,START,startServer,
2022-05-06 21:54:23.3775592 +0700 WIB m=+13.765182797,OUT,START,startServer,"Keyboard interrupt received, exiting."
2022-05-06 22:35:37.115351966 +0700 WIB m=+2.172465853,OUT,CHECK,startServer,not ready
2022-05-06 22:35:39.117128016 +0700 WIB m=+4.174241911,OUT,CHECK,startServer,not ready
2022-05-06 22:35:41.119023931 +0700 WIB m=+6.176137816,OUT,CHECK,startServer,not ready
2022-05-06 22:35:43.120726978 +0700 WIB m=+8.177840863,OUT,CHECK,startServer,not ready
2022-05-06 22:35:45.12266951 +0700 WIB m=+10.179783408,OUT,CHECK,startServer,not ready
2022-05-06 22:35:45.175057147 +0700 WIB m=+10.232171036,OUT,START,startServer,Serving HTTP on 0.0.0.0 port 8080 (http://0.0.0.0:8080/) ...
2022-05-06 22:35:47.125261416 +0700 WIB m=+12.182375311,OUT,CHECK,startServer,not ready
2022-05-06 22:35:47.126576446 +0700 WIB m=+12.183690333,OUT,CHECK,startServer,ready
2022-05-06 22:35:48.730973641 +0700 WIB m=+13.788087527,OUT,START,startServer,
2022-05-06 22:35:48.731000547 +0700 WIB m=+13.788114431,OUT,START,startServer,"Keyboard interrupt received, exiting."
2022-05-06 23:15:01.476953352 +0700 WIB m=+2.279084985,OUT,CHECK,startServer,not ready
2022-05-06 23:15:03.479575714 +0700 WIB m=+4.281707343,OUT,CHECK,startServer,not ready
2022-05-06 23:15:05.48222253 +0700 WIB m=+6.284354167,OUT,CHECK,startServer,not ready
2022-05-06 23:15:07.484361621 +0700 WIB m=+8.286493248,OUT,CHECK,startServer,not ready
2022-05-06 23:15:09.4869397 +0700 WIB m=+10.289071333,OUT,CHECK,startServer,not ready
2022-05-06 23:15:09.58635594 +0700 WIB m=+10.388487595,OUT,START,startServer,Serving HTTP on 0.0.0.0 port 8080 (http://0.0.0.0:8080/) ...
2022-05-06 23:15:11.489116352 +0700 WIB m=+12.291247989,OUT,CHECK,startServer,not ready
2022-05-06 23:15:11.490949576 +0700 WIB m=+12.293081212,OUT,CHECK,startServer,ready
2022-05-06 23:15:13.09374624 +0700 WIB m=+13.895877866,OUT,START,startServer,
2022-05-06 23:15:13.093788137 +0700 WIB m=+13.895919767,OUT,START,startServer,"Keyboard interrupt received, exiting."
2022-05-06 23:28:19.346068397 +0700 WIB m=+2.192112879,OUT,CHECK,startServer,not ready
2022-05-06 23:28:21.348024991 +0700 WIB m=+4.194069476,OUT,CHECK,startServer,not ready
2022-05-06 23:28:23.349976422 +0700 WIB m=+6.196020902,OUT,CHECK,startServer,not ready
2022-05-06 23:28:25.351886208 +0700 WIB m=+8.197930695,OUT,CHECK,startServer,not ready
2022-05-06 23:28:27.353946334 +0700 WIB m=+10.199990816,OUT,CHECK,startServer,not ready
2022-05-06 23:28:27.391105203 +0700 WIB m=+10.237149686,OUT,START,startServer,Serving HTTP on 0.0.0.0 port 8080 (http://0.0.0.0:8080/) ...
2022-05-06 23:28:29.356045319 +0700 WIB m=+12.202089824,OUT,CHECK,startServer,not ready
2022-05-06 23:28:29.357791592 +0700 WIB m=+12.203836073,OUT,CHECK,startServer,ready
2022-05-06 23:28:30.9605579 +0700 WIB m=+13.806602387,OUT,START,startServer,
2022-05-06 23:28:30.960588009 +0700 WIB m=+13.806632497,OUT,START,startServer,"Keyboard interrupt received, exiting."
2022-05-07 00:08:32.930627582 +0700 WIB m=+2.265096816,OUT,CHECK,startServer,not ready
2022-05-07 00:08:34.932768435 +0700 WIB m=+4.267237665,OUT,CHECK,startServer,not ready
2022-05-07 00:08:36.935032654 +0700 WIB m=+6.269501888,OUT,CHECK,startServer,not ready
2022-05-07 00:08:38.937403419 +0700 WIB m=+8.271872654,OUT,CHECK,startServer,not ready
2022-05-07 00:08:40.9394667 +0700 WIB m=+10.273935928,OUT,CHECK,startServer,not ready
2022-05-07 00:08:40.972133828 +0700 WIB m=+10.306603056,OUT,START,startServer,Serving HTTP on 0.0.0.0 port 8080 (http://0.0.0.0:8080/) ...
2022-05-07 00:08:42.941292802 +0700 WIB m=+12.275762031,OUT,CHECK,startServer,not ready
2022-05-07 00:08:42.943028237 +0700 WIB m=+12.277497476,OUT,CHECK,startServer,ready
2022-05-07 00:08:44.546955489 +0700 WIB m=+13.881424728,OUT,START,startServer,
2022-05-07 00:08:44.546988714 +0700 WIB m=+13.881457943,OUT,START,startServer,"Keyboard interrupt received, exiting."
2022-05-08 15:14:56.235430807 +0700 WIB m=+2.140643110,OUT,CHECK,startServer,not ready
2022-05-08 15:14:58.237338538 +0700 WIB m=+4.142550840,OUT,CHECK,startServer,not ready
2022-05-08 15:15:00.239357455 +0700 WIB m=+6.144569771,OUT,CHECK,startServer,not ready
2022-05-08 15:15:02.241055787 +0700 WIB m=+8.146268088,OUT,CHECK,startServer,not ready
2022-05-08 15:15:04.243001962 +0700 WIB m=+10.148214261,OUT,CHECK,startServer,not ready
2022-05-08 15:15:06.245281036 +0700 WIB m=+12.150493337,OUT,CHECK,startServer,not ready
2022-05-08 15:15:06.246285066 +0700 WIB m=+12.151497369,OUT,CHECK,startServer,ready
2022-05-08 15:15:07.851260368 +0700 WIB m=+13.756472667,OUT,START,startServer,Serving HTTP on 0.0.0.0 port 8080 (http://0.0.0.0:8080/) ...
2022-05-08 15:15:07.85128998 +0700 WIB m=+13.756502279,OUT,START,startServer,
2022-05-08 15:15:07.851441385 +0700 WIB m=+13.756653684,OUT,START,startServer,"Keyboard interrupt received, exiting."
2022-05-08 15:18:24.917063262 +0700 WIB m=+2.149275694,OUT,CHECK,startServer,not ready
2022-05-08 15:18:26.918789475 +0700 WIB m=+4.151001900,OUT,CHECK,startServer,not ready
2022-05-08 15:18:28.920677399 +0700 WIB m=+6.152889822,OUT,CHECK,startServer,not ready
2022-05-08 15:18:30.922874418 +0700 WIB m=+8.155086850,OUT,CHECK,startServer,not ready
2022-05-08 15:18:32.924784142 +0700 WIB m=+10.156996570,OUT,CHECK,startServer,not ready
2022-05-08 15:18:34.926561715 +0700 WIB m=+12.158774149,OUT,CHECK,startServer,not ready
2022-05-08 15:18:34.927571427 +0700 WIB m=+12.159783852,OUT,CHECK,startServer,ready
2022-05-08 15:18:36.532070272 +0700 WIB m=+13.764282695,OUT,START,startServer,Serving HTTP on 0.0.0.0 port 8080 (http://0.0.0.0:8080/) ...
2022-05-08 15:18:36.532125873 +0700 WIB m=+13.764338305,OUT,START,startServer,
2022-05-08 15:18:36.532228028 +0700 WIB m=+13.764440452,OUT,START,startServer,"Keyboard interrupt received, exiting."
2022-05-08 18:32:10.227911674 +0700 WIB m=+2.134223361,OUT,CHECK,startServer,not ready
2022-05-08 18:32:12.229651327 +0700 WIB m=+4.135963010,OUT,CHECK,startServer,not ready
2022-05-08 18:32:14.231291513 +0700 WIB m=+6.137603196,OUT,CHECK,startServer,not ready
2022-05-08 18:32:16.232971017 +0700 WIB m=+8.139282710,OUT,CHECK,startServer,not ready
2022-05-08 18:32:18.234633332 +0700 WIB m=+10.140945014,OUT,CHECK,startServer,not ready
2022-05-08 18:32:20.236254983 +0700 WIB m=+12.142566666,OUT,CHECK,startServer,not ready
2022-05-08 18:32:20.237193984 +0700 WIB m=+12.143505681,OUT,CHECK,startServer,ready
2022-05-08 18:32:21.841616196 +0700 WIB m=+13.747927885,OUT,START,startServer,Serving HTTP on 0.0.0.0 port 8080 (http://0.0.0.0:8080/) ...
2022-05-08 18:32:21.841644102 +0700 WIB m=+13.747955789,OUT,START,startServer,
2022-05-08 18:32:21.841736499 +0700 WIB m=+13.748048187,OUT,START,startServer,"Keyboard interrupt received, exiting."
2022-05-08 18:39:34.345458896 +0700 WIB m=+2.181573698,OUT,CHECK,startServer,not ready
2022-05-08 18:39:36.348039603 +0700 WIB m=+4.184154405,OUT,CHECK,startServer,not ready
2022-05-08 18:39:38.350261842 +0700 WIB m=+6.186376642,OUT,CHECK,startServer,not ready
2022-05-08 18:39:40.352004301 +0700 WIB m=+8.188119103,OUT,CHECK,startServer,not ready
2022-05-08 18:39:42.35483706 +0700 WIB m=+10.190951861,OUT,CHECK,startServer,not ready
2022-05-08 18:39:44.356761489 +0700 WIB m=+12.192876289,OUT,CHECK,startServer,not ready
2022-05-08 18:39:44.357781984 +0700 WIB m=+12.193896786,OUT,CHECK,startServer,ready
2022-05-08 18:39:45.962771647 +0700 WIB m=+13.798886450,OUT,START,startServer,Serving HTTP on 0.0.0.0 port 8080 (http://0.0.0.0:8080/) ...
2022-05-08 18:39:45.962804339 +0700 WIB m=+13.798919139,OUT,START,startServer,
2022-05-08 18:39:45.962918716 +0700 WIB m=+13.799033522,OUT,START,startServer,"Keyboard interrupt received, exiting."
2022-05-08 18:54:39.695087226 +0700 WIB m=+2.138721346,OUT,CHECK,startServer,not ready
2022-05-08 18:54:41.696652673 +0700 WIB m=+4.140286800,OUT,CHECK,startServer,not ready
2022-05-08 18:54:43.698371481 +0700 WIB m=+6.142005599,OUT,CHECK,startServer,not ready
2022-05-08 18:54:45.700049696 +0700 WIB m=+8.143683813,OUT,CHECK,startServer,not ready
2022-05-08 18:54:47.701657578 +0700 WIB m=+10.145291695,OUT,CHECK,startServer,not ready
2022-05-08 18:54:49.703310198 +0700 WIB m=+12.146944317,OUT,CHECK,startServer,not ready
2022-05-08 18:54:49.70420923 +0700 WIB m=+12.147843348,OUT,CHECK,startServer,ready
2022-05-08 18:54:51.30633654 +0700 WIB m=+13.749970660,OUT,START,startServer,Serving HTTP on 0.0.0.0 port 8080 (http://0.0.0.0:8080/) ...
2022-05-08 18:54:51.306369045 +0700 WIB m=+13.750003162,OUT,START,startServer,
2022-05-08 18:54:51.306444891 +0700 WIB m=+13.750079008,OUT,START,startServer,"Keyboard interrupt received, exiting."
2022-05-08 19:13:31.055476159 +0700 WIB m=+2.153085887,OUT,CHECK,startServer,not ready
2022-05-08 19:13:33.057098791 +0700 WIB m=+4.154708521,OUT,CHECK,startServer,not ready
2022-05-08 19:13:35.059144003 +0700 WIB m=+6.156753732,OUT,CHECK,startServer,not ready
2022-05-08 19:13:37.060934508 +0700 WIB m=+8.158544238,OUT,CHECK,startServer,not ready
2022-05-08 19:13:39.062609474 +0700 WIB m=+10.160219203,OUT,CHECK,startServer,not ready
2022-05-08 19:13:41.06437896 +0700 WIB m=+12.161988689,OUT,CHECK,startServer,not ready
2022-05-08 19:13:41.065368146 +0700 WIB m=+12.162977875,OUT,CHECK,startServer,ready
2022-05-08 19:13:42.668334203 +0700 WIB m=+13.765943932,OUT,START,startServer,Serving HTTP on 0.0.0.0 port 8080 (http://0.0.0.0:8080/) ...
2022-05-08 19:13:42.668376332 +0700 WIB m=+13.765986060,OUT,START,startServer,
2022-05-08 19:13:42.668504236 +0700 WIB m=+13.766113967,OUT,START,startServer,"Keyboard interrupt received, exiting."
2022-05-08 19:18:39.704308104 +0700 WIB m=+2.134659871,OUT,CHECK,startServer,not ready
2022-05-08 19:18:41.706032275 +0700 WIB m=+4.136384046,OUT,CHECK,startServer,not ready
2022-05-08 19:18:43.707578307 +0700 WIB m=+6.137930075,OUT,CHECK,startServer,not ready
2022-05-08 19:18:45.709670986 +0700 WIB m=+8.140022753,OUT,CHECK,startServer,not ready
2022-05-08 19:18:47.711260848 +0700 WIB m=+10.141612620,OUT,CHECK,startServer,not ready
2022-05-08 19:18:49.713196519 +0700 WIB m=+12.143548286,OUT,CHECK,startServer,not ready
2022-05-08 19:18:49.714191434 +0700 WIB m=+12.144543203,OUT,CHECK,startServer,ready
2022-05-08 19:18:51.317074375 +0700 WIB m=+13.747426148,OUT,START,startServer,Serving HTTP on 0.0.0.0 port 8080 (http://0.0.0.0:8080/) ...
2022-05-08 19:18:51.31709812 +0700 WIB m=+13.747449887,OUT,START,startServer,
2022-05-08 19:18:51.317167957 +0700 WIB m=+13.747519724,OUT,START,startServer,"Keyboard interrupt received, exiting."
2022-05-08 19:24:01.403003631 +0700 WIB m=+2.136674132,OUT,CHECK,startServer,not ready
2022-05-08 19:24:03.404612989 +0700 WIB m=+4.138283486,OUT,CHECK,startServer,not ready
2022-05-08 19:24:05.406200542 +0700 WIB m=+6.139871043,OUT,CHECK,startServer,not ready
2022-05-08 19:24:07.407915065 +0700 WIB m=+8.141585567,OUT,CHECK,startServer,not ready
2022-05-08 19:24:09.409506449 +0700 WIB m=+10.143176954,OUT,CHECK,startServer,not ready
2022-05-08 19:24:11.411197616 +0700 WIB m=+12.144868116,OUT,CHECK,startServer,not ready
2022-05-08 19:24:11.412148831 +0700 WIB m=+12.145819330,OUT,CHECK,startServer,ready
2022-05-08 19:24:13.015829742 +0700 WIB m=+13.749500241,OUT,START,startServer,Serving HTTP on 0.0.0.0 port 8080 (http://0.0.0.0:8080/) ...
2022-05-08 19:24:13.015873315 +0700 WIB m=+13.749543813,OUT,START,startServer,
2022-05-08 19:24:13.015952916 +0700 WIB m=+13.749623415,OUT,START,startServer,"Keyboard interrupt received, exiting."
2022-05-08 19:31:22.727465497 +0700 WIB m=+2.273518322,OUT,CHECK,startServer,not ready
2022-05-08 19:31:24.730462464 +0700 WIB m=+4.276515277,OUT,CHECK,startServer,not ready
2022-05-08 19:31:26.732211831 +0700 WIB m=+6.278264641,OUT,CHECK,startServer,not ready
2022-05-08 19:31:28.734711899 +0700 WIB m=+8.280764722,OUT,CHECK,startServer,not ready
2022-05-08 19:31:30.737303504 +0700 WIB m=+10.283356309,OUT,CHECK,startServer,not ready
2022-05-08 19:31:32.739936375 +0700 WIB m=+12.285989180,OUT,CHECK,startServer,not ready
2022-05-08 19:31:32.741573554 +0700 WIB m=+12.287626358,OUT,CHECK,startServer,ready
2022-05-08 19:31:34.344745528 +0700 WIB m=+13.890798354,OUT,START,startServer,Serving HTTP on 0.0.0.0 port 8080 (http://0.0.0.0:8080/) ...
2022-05-08 19:31:34.344785356 +0700 WIB m=+13.890838162,OUT,START,startServer,
2022-05-08 19:31:34.344919676 +0700 WIB m=+13.890972480,OUT,START,startServer,"Keyboard interrupt received, exiting."
2022-05-08 19:35:41.359604908 +0700 WIB m=+2.173842540,OUT,CHECK,startServer,not ready
2022-05-08 19:35:43.362668431 +0700 WIB m=+4.176906072,OUT,CHECK,startServer,not ready
2022-05-08 19:35:45.36449603 +0700 WIB m=+6.178733668,OUT,CHECK,startServer,not ready
2022-05-08 19:35:47.366948069 +0700 WIB m=+8.181185703,OUT,CHECK,startServer,not ready
2022-05-08 19:35:49.369227064 +0700 WIB m=+10.183464693,OUT,CHECK,startServer,not ready
2022-05-08 19:35:51.371492776 +0700 WIB m=+12.185730404,OUT,CHECK,startServer,not ready
2022-05-08 19:35:51.372998389 +0700 WIB m=+12.187236036,OUT,CHECK,startServer,ready
2022-05-08 19:35:52.977847729 +0700 WIB m=+13.792085365,OUT,START,startServer,Serving HTTP on 0.0.0.0 port 8080 (http://0.0.0.0:8080/) ...
2022-05-08 19:35:52.97788998 +0700 WIB m=+13.792127613,OUT,START,startServer,
2022-05-08 19:35:52.977981794 +0700 WIB m=+13.792219430,OUT,START,startServer,"Keyboard interrupt received, exiting."
2022-05-08 19:42:37.727673655 +0700 WIB m=+2.169704653,OUT,CHECK,startServer,not ready
2022-05-08 19:42:39.729250882 +0700 WIB m=+4.171281879,OUT,CHECK,startServer,not ready
2022-05-08 19:42:41.731215843 +0700 WIB m=+6.173246865,OUT,CHECK,startServer,not ready
2022-05-08 19:42:43.734923294 +0700 WIB m=+8.176954300,OUT,CHECK,startServer,not ready
2022-05-08 19:42:45.73926786 +0700 WIB m=+10.181298869,OUT,CHECK,startServer,not ready
2022-05-08 19:42:47.742722241 +0700 WIB m=+12.184753238,OUT,CHECK,startServer,not ready
2022-05-08 19:42:47.74391322 +0700 WIB m=+12.185944218,OUT,CHECK,startServer,ready
2022-05-08 19:42:49.34904883 +0700 WIB m=+13.791079832,OUT,START,startServer,Serving HTTP on 0.0.0.0 port 8080 (http://0.0.0.0:8080/) ...
2022-05-08 19:42:49.349077731 +0700 WIB m=+13.791108731,OUT,START,startServer,
2022-05-08 19:42:49.349171259 +0700 WIB m=+13.791202260,OUT,START,startServer,"Keyboard interrupt received, exiting."
2022-05-08 19:55:47.032784403 +0700 WIB m=+2.288215972,OUT,CHECK,startServer,not ready
2022-05-08 19:55:49.035057686 +0700 WIB m=+4.290489266,OUT,CHECK,startServer,not ready
2022-05-08 19:55:51.038058115 +0700 WIB m=+6.293489715,OUT,CHECK,startServer,not ready
2022-05-08 19:55:53.040396598 +0700 WIB m=+8.295828167,OUT,CHECK,startServer,not ready
2022-05-08 19:55:55.042216813 +0700 WIB m=+10.297648381,OUT,CHECK,startServer,not ready
2022-05-08 19:55:57.044044875 +0700 WIB m=+12.299476439,OUT,CHECK,startServer,not ready
2022-05-08 19:55:57.045208276 +0700 WIB m=+12.300639865,OUT,CHECK,startServer,ready
2022-05-08 19:55:58.649630898 +0700 WIB m=+13.905062470,OUT,START,startServer,Serving HTTP on 0.0.0.0 port 8080 (http://0.0.0.0:8080/) ...
2022-05-08 19:55:58.649672783 +0700 WIB m=+13.905104350,OUT,START,startServer,
2022-05-08 19:55:58.649794252 +0700 WIB m=+13.905225816,OUT,START,startServer,"Keyboard interrupt received, exiting."
2022-05-08 20:01:27.382216731 +0700 WIB m=+2.168227959,OUT,CHECK,startServer,not ready
2022-05-08 20:01:29.384871978 +0700 WIB m=+4.170883210,OUT,CHECK,startServer,not ready
2022-05-08 20:01:31.387363333 +0700 WIB m=+6.173374566,OUT,CHECK,startServer,not ready
2022-05-08 20:01:33.389259016 +0700 WIB m=+8.175270246,OUT,CHECK,startServer,not ready
2022-05-08 20:01:35.3926825 +0700 WIB m=+10.178693735,OUT,CHECK,startServer,not ready
2022-05-08 20:01:37.394762276 +0700 WIB m=+12.180773526,OUT,CHECK,startServer,not ready
2022-05-08 20:01:37.396816873 +0700 WIB m=+12.182828101,OUT,CHECK,startServer,ready
2022-05-08 20:01:39.000715951 +0700 WIB m=+13.786727241,OUT,START,startServer,Serving HTTP on 0.0.0.0 port 8080 (http://0.0.0.0:8080/) ...
2022-05-08 20:01:39.000753821 +0700 WIB m=+13.786765069,OUT,START,startServer,
2022-05-08 20:01:39.000875368 +0700 WIB m=+13.786886611,OUT,START,startServer,"Keyboard interrupt received, exiting."
2022-05-09 06:14:15.451466728 +0700 WIB m=+2.142510101,OUT,CHECK,startServer,not ready
2022-05-09 06:14:17.453121914 +0700 WIB m=+4.144165286,OUT,CHECK,startServer,not ready
2022-05-09 06:14:19.454980283 +0700 WIB m=+6.146023677,OUT,CHECK,startServer,not ready
2022-05-09 06:14:21.456712894 +0700 WIB m=+8.147756267,OUT,CHECK,startServer,not ready
2022-05-09 06:14:23.45842422 +0700 WIB m=+10.149467657,OUT,CHECK,startServer,not ready
2022-05-09 06:14:25.460397209 +0700 WIB m=+12.151440582,OUT,CHECK,startServer,not ready
2022-05-09 06:14:25.46129421 +0700 WIB m=+12.152337583,OUT,CHECK,startServer,ready
2022-05-09 06:14:27.06616187 +0700 WIB m=+13.757205242,OUT,START,startServer,Serving HTTP on 0.0.0.0 port 8080 (http://0.0.0.0:8080/) ...
2022-05-09 06:14:27.066184727 +0700 WIB m=+13.757228098,OUT,START,startServer,
2022-05-09 06:14:27.066250572 +0700 WIB m=+13.757293946,OUT,START,startServer,"Keyboard interrupt received, exiting."
2022-05-09 06:29:14.433162727 +0700 WIB m=+2.146139653,OUT,CHECK,startServer,not ready
2022-05-09 06:29:16.434771594 +0700 WIB m=+4.147748522,OUT,CHECK,startServer,not ready
2022-05-09 06:29:18.436890466 +0700 WIB m=+6.149867394,OUT,CHECK,startServer,not ready
2022-05-09 06:29:20.438766301 +0700 WIB m=+8.151743225,OUT,CHECK,startServer,not ready
2022-05-09 06:29:22.440557566 +0700 WIB m=+10.153534492,OUT,CHECK,startServer,not ready
2022-05-09 06:29:24.44284446 +0700 WIB m=+12.155821383,OUT,CHECK,startServer,not ready
2022-05-09 06:29:24.443873097 +0700 WIB m=+12.156850023,OUT,CHECK,startServer,ready
2022-05-09 06:29:26.047701758 +0700 WIB m=+13.760678681,OUT,START,startServer,Serving HTTP on 0.0.0.0 port 8080 (http://0.0.0.0:8080/) ...
2022-05-09 06:29:26.047738737 +0700 WIB m=+13.760715663,OUT,START,startServer,
2022-05-09 06:29:26.047849398 +0700 WIB m=+13.760826323,OUT,START,startServer,"Keyboard interrupt received, exiting."
2022-05-09 06:37:01.82766583 +0700 WIB m=+2.133426161,OUT,CHECK,startServer,not ready
2022-05-09 06:37:03.829637562 +0700 WIB m=+4.135397893,OUT,CHECK,startServer,not ready
2022-05-09 06:37:05.831421843 +0700 WIB m=+6.137182174,OUT,CHECK,startServer,not ready
2022-05-09 06:37:07.833357236 +0700 WIB m=+8.139117567,OUT,CHECK,startServer,not ready
2022-05-09 06:37:09.835191415 +0700 WIB m=+10.140951736,OUT,CHECK,startServer,not ready
2022-05-09 06:37:11.836938122 +0700 WIB m=+12.142698443,OUT,CHECK,startServer,not ready
2022-05-09 06:37:11.838004254 +0700 WIB m=+12.143764575,OUT,CHECK,startServer,ready
2022-05-09 06:37:13.441224705 +0700 WIB m=+13.746985032,OUT,START,startServer,Serving HTTP on 0.0.0.0 port 8080 (http://0.0.0.0:8080/) ...
2022-05-09 06:37:13.441261984 +0700 WIB m=+13.747022306,OUT,START,startServer,
2022-05-09 06:37:13.441417541 +0700 WIB m=+13.747177869,OUT,START,startServer,"Keyboard interrupt received, exiting."
2022-05-09 06:42:50.678176789 +0700 WIB m=+2.144445713,OUT,CHECK,startServer,not ready
2022-05-09 06:42:52.679950296 +0700 WIB m=+4.146219234,OUT,CHECK,startServer,not ready
2022-05-09 06:42:54.681912437 +0700 WIB m=+6.148181359,OUT,CHECK,startServer,not ready
2022-05-09 06:42:56.684180332 +0700 WIB m=+8.150449255,OUT,CHECK,startServer,not ready
2022-05-09 06:42:58.686174463 +0700 WIB m=+10.152443386,OUT,CHECK,startServer,not ready
2022-05-09 06:43:00.688114821 +0700 WIB m=+12.154383743,OUT,CHECK,startServer,not ready
2022-05-09 06:43:00.689263885 +0700 WIB m=+12.155532809,OUT,CHECK,startServer,ready
2022-05-09 06:43:02.293195256 +0700 WIB m=+13.759464182,OUT,START,startServer,Serving HTTP on 0.0.0.0 port 8080 (http://0.0.0.0:8080/) ...
2022-05-09 06:43:02.293236472 +0700 WIB m=+13.759505423,OUT,START,startServer,
2022-05-09 06:43:02.293352693 +0700 WIB m=+13.759621620,OUT,START,startServer,"Keyboard interrupt received, exiting."
2022-05-09 06:52:31.086516753 +0700 WIB m=+2.160597618,OUT,CHECK,startServer,not ready
2022-05-09 06:52:33.088270961 +0700 WIB m=+4.162351825,OUT,CHECK,startServer,not ready
2022-05-09 06:52:35.090138908 +0700 WIB m=+6.164219797,OUT,CHECK,startServer,not ready
2022-05-09 06:52:37.092437958 +0700 WIB m=+8.166518823,OUT,CHECK,startServer,not ready
2022-05-09 06:52:39.094286208 +0700 WIB m=+10.168367078,OUT,CHECK,startServer,not ready
2022-05-09 06:52:41.097340566 +0700 WIB m=+12.171421430,OUT,CHECK,startServer,not ready
2022-05-09 06:52:41.098407919 +0700 WIB m=+12.172488784,OUT,CHECK,startServer,ready
2022-05-09 06:52:42.703201842 +0700 WIB m=+13.777282707,OUT,START,startServer,Serving HTTP on 0.0.0.0 port 8080 (http://0.0.0.0:8080/) ...
2022-05-09 06:52:42.703245856 +0700 WIB m=+13.777326720,OUT,START,startServer,
2022-05-09 06:52:42.70337702 +0700 WIB m=+13.777457891,OUT,START,startServer,"Keyboard interrupt received, exiting."
2022-05-09 09:30:57.280202631 +0700 WIB m=+2.133069264,OUT,CHECK,startServer,not ready
2022-05-09 09:30:59.282314305 +0700 WIB m=+4.135180927,OUT,CHECK,startServer,not ready
2022-05-09 09:31:01.283966204 +0700 WIB m=+6.136832825,OUT,CHECK,startServer,not ready
2022-05-09 09:31:03.286018304 +0700 WIB m=+8.138884925,OUT,CHECK,startServer,not ready
2022-05-09 09:31:05.287608952 +0700 WIB m=+10.140489341,OUT,CHECK,startServer,not ready
2022-05-09 09:31:07.289846926 +0700 WIB m=+12.142713547,OUT,CHECK,startServer,not ready
2022-05-09 09:31:07.290992792 +0700 WIB m=+12.143859418,OUT,CHECK,startServer,ready
2022-05-09 09:31:08.894831612 +0700 WIB m=+13.747698232,OUT,START,startServer,Serving HTTP on 0.0.0.0 port 8080 (http://0.0.0.0:8080/) ...
2022-05-09 09:31:08.89485673 +0700 WIB m=+13.747723350,OUT,START,startServer,
2022-05-09 09:31:08.894982351 +0700 WIB m=+13.747848974,OUT,START,startServer,"Keyboard interrupt received, exiting."
2022-05-10 07:53:43.228412166 +0700 WIB m=+2.231043079,OUT,CHECK,startServer,not ready
2022-05-10 07:53:45.231252067 +0700 WIB m=+4.233882983,OUT,CHECK,startServer,not ready
2022-05-10 07:53:47.233188432 +0700 WIB m=+6.235819344,OUT,CHECK,startServer,not ready
2022-05-10 07:53:49.235922473 +0700 WIB m=+8.238553386,OUT,CHECK,startServer,not ready
2022-05-10 07:53:51.237735868 +0700 WIB m=+10.240366781,OUT,CHECK,startServer,not ready
2022-05-10 07:53:51.292642339 +0700 WIB m=+10.295273253,OUT,START,startServer,Serving HTTP on 0.0.0.0 port 8080 (http://0.0.0.0:8080/) ...
2022-05-10 07:53:53.239817861 +0700 WIB m=+12.242448779,OUT,CHECK,startServer,not ready
2022-05-10 07:53:53.24147572 +0700 WIB m=+12.244106631,OUT,CHECK,startServer,ready
2022-05-10 07:53:54.844069147 +0700 WIB m=+13.846700058,OUT,START,startServer,
2022-05-10 07:53:54.844094831 +0700 WIB m=+13.846725744,OUT,START,startServer,"Keyboard interrupt received, exiting."
2022-05-11 07:22:04.454504951 +0700 WIB m=+2.138045792,OUT,CHECK,startServer,not ready
2022-05-11 07:22:06.456494993 +0700 WIB m=+4.140035829,OUT,CHECK,startServer,not ready
2022-05-11 07:22:08.458415849 +0700 WIB m=+6.141956688,OUT,CHECK,startServer,not ready
2022-05-11 07:22:10.46007601 +0700 WIB m=+8.143616847,OUT,CHECK,startServer,not ready
2022-05-11 07:22:12.461791718 +0700 WIB m=+10.145332554,OUT,CHECK,startServer,not ready
2022-05-11 07:22:14.46315414 +0700 WIB m=+12.147078715,OUT,CHECK,startServer,not ready
2022-05-11 07:22:14.464169945 +0700 WIB m=+12.148094519,OUT,CHECK,startServer,ready
2022-05-11 07:22:16.067617323 +0700 WIB m=+13.751541898,OUT,START,startServer,Serving HTTP on 0.0.0.0 port 8080 (http://0.0.0.0:8080/) ...
2022-05-11 07:22:16.067645076 +0700 WIB m=+13.751569649,OUT,START,startServer,
2022-05-11 07:22:16.067708863 +0700 WIB m=+13.751633436,OUT,START,startServer,"Keyboard interrupt received, exiting."
2022-05-11 07:56:06.47993245 +0700 WIB m=+2.140629594,OUT,CHECK,startServer,not ready
2022-05-11 07:56:08.481950886 +0700 WIB m=+4.142648030,OUT,CHECK,startServer,not ready
2022-05-11 07:56:10.483902329 +0700 WIB m=+6.144599475,OUT,CHECK,startServer,not ready
2022-05-11 07:56:12.485825065 +0700 WIB m=+8.146522204,OUT,CHECK,startServer,not ready
2022-05-11 07:56:14.487503782 +0700 WIB m=+10.148200923,OUT,CHECK,startServer,not ready
2022-05-11 07:56:16.489241211 +0700 WIB m=+12.149938372,OUT,CHECK,startServer,not ready
2022-05-11 07:56:16.4903403 +0700 WIB m=+12.151037442,OUT,CHECK,startServer,ready
2022-05-11 07:56:18.094485726 +0700 WIB m=+13.755182873,OUT,START,startServer,Serving HTTP on 0.0.0.0 port 8080 (http://0.0.0.0:8080/) ...
2022-05-11 07:56:18.094514561 +0700 WIB m=+13.755211706,OUT,START,startServer,
2022-05-11 07:56:18.094609009 +0700 WIB m=+13.755306153,OUT,START,startServer,"Keyboard interrupt received, exiting."
2022-05-11 08:02:33.357887817 +0700 WIB m=+2.138617724,OUT,CHECK,startServer,not ready
2022-05-11 08:02:35.359452184 +0700 WIB m=+4.140182086,OUT,CHECK,startServer,not ready
2022-05-11 08:02:37.361303947 +0700 WIB m=+6.142033850,OUT,CHECK,startServer,not ready
2022-05-11 08:02:39.363028834 +0700 WIB m=+8.143758739,OUT,CHECK,startServer,not ready
2022-05-11 08:02:41.36491478 +0700 WIB m=+10.145644706,OUT,CHECK,startServer,not ready
2022-05-11 08:02:43.366425712 +0700 WIB m=+12.147155613,OUT,CHECK,startServer,not ready
2022-05-11 08:02:43.367463601 +0700 WIB m=+12.148193506,OUT,CHECK,startServer,ready
2022-05-11 08:02:44.971682593 +0700 WIB m=+13.752412504,OUT,START,startServer,Serving HTTP on 0.0.0.0 port 8080 (http://0.0.0.0:8080/) ...
2022-05-11 08:02:44.971808678 +0700 WIB m=+13.752538589,OUT,START,startServer,
2022-05-11 08:02:44.972078482 +0700 WIB m=+13.752808389,OUT,START,startServer,"Keyboard interrupt received, exiting."
2022-05-11 08:14:15.244853944 +0700 WIB m=+2.145595409,OUT,CHECK,startServer,not ready
2022-05-11 08:14:17.247246529 +0700 WIB m=+4.147987978,OUT,CHECK,startServer,not ready
2022-05-11 08:14:19.248960703 +0700 WIB m=+6.149702152,OUT,CHECK,startServer,not ready
2022-05-11 08:14:21.250949415 +0700 WIB m=+8.151690868,OUT,CHECK,startServer,not ready
2022-05-11 08:14:23.252603305 +0700 WIB m=+10.153344755,OUT,CHECK,startServer,not ready
2022-05-11 08:14:25.254409103 +0700 WIB m=+12.155150555,OUT,CHECK,startServer,not ready
2022-05-11 08:14:25.255352547 +0700 WIB m=+12.156093997,OUT,CHECK,startServer,ready
2022-05-11 08:14:26.859024823 +0700 WIB m=+13.759766273,OUT,START,startServer,Serving HTTP on 0.0.0.0 port 8080 (http://0.0.0.0:8080/) ...
2022-05-11 08:14:26.859057789 +0700 WIB m=+13.759799243,OUT,START,startServer,
2022-05-11 08:14:26.859142089 +0700 WIB m=+13.759883539,OUT,START,startServer,"Keyboard interrupt received, exiting."
2022-05-11 20:41:30.088050383 +0700 WIB m=+2.150103545,OUT,CHECK,startServer,not ready
2022-05-11 20:41:32.089899625 +0700 WIB m=+4.151952787,OUT,CHECK,startServer,not ready
2022-05-11 20:41:34.091757304 +0700 WIB m=+6.153810463,OUT,CHECK,startServer,not ready
2022-05-11 20:41:36.093485091 +0700 WIB m=+8.155538253,OUT,CHECK,startServer,not ready
2022-05-11 20:41:38.095271655 +0700 WIB m=+10.157324816,OUT,CHECK,startServer,not ready
2022-05-11 20:41:40.096903713 +0700 WIB m=+12.158956890,OUT,CHECK,startServer,not ready
2022-05-11 20:41:40.098097641 +0700 WIB m=+12.160150803,OUT,CHECK,startServer,ready
2022-05-11 20:41:41.70122632 +0700 WIB m=+13.763238129,OUT,START,startServer,Serving HTTP on 0.0.0.0 port 8080 (http://0.0.0.0:8080/) ...
2022-05-11 20:41:41.70126088 +0700 WIB m=+13.763272688,OUT,START,startServer,
2022-05-11 20:41:41.70134051 +0700 WIB m=+13.763352325,OUT,START,startServer,"Keyboard interrupt received, exiting."
2022-05-11 20:54:48.62506836 +0700 WIB m=+2.144861031,OUT,CHECK,startServer,not ready
2022-05-11 20:54:50.626963129 +0700 WIB m=+4.146755800,OUT,CHECK,startServer,not ready
2022-05-11 20:54:52.629125239 +0700 WIB m=+6.148917911,OUT,CHECK,startServer,not ready
2022-05-11 20:54:54.630977407 +0700 WIB m=+8.150770077,OUT,CHECK,startServer,not ready
2022-05-11 20:54:56.632762184 +0700 WIB m=+10.152554863,OUT,CHECK,startServer,not ready
2022-05-11 20:54:58.634569736 +0700 WIB m=+12.154362407,OUT,CHECK,startServer,not ready
2022-05-11 20:54:58.635722166 +0700 WIB m=+12.155514839,OUT,CHECK,startServer,ready
2022-05-11 20:55:00.239420625 +0700 WIB m=+13.759213297,OUT,START,startServer,Serving HTTP on 0.0.0.0 port 8080 (http://0.0.0.0:8080/) ...
2022-05-11 20:55:00.239463824 +0700 WIB m=+13.759256494,OUT,START,startServer,
2022-05-11 20:55:00.239536245 +0700 WIB m=+13.759328916,OUT,START,startServer,"Keyboard interrupt received, exiting."
2022-05-12 05:54:14.906289537 +0700 WIB m=+2.132198923,OUT,CHECK,startServer,not ready
2022-05-12 05:54:16.908313639 +0700 WIB m=+4.134223024,OUT,CHECK,startServer,not ready
2022-05-12 05:54:18.910048712 +0700 WIB m=+6.135958118,OUT,CHECK,startServer,not ready
2022-05-12 05:54:20.911786422 +0700 WIB m=+8.137695809,OUT,CHECK,startServer,not ready
2022-05-12 05:54:22.913463598 +0700 WIB m=+10.139372987,OUT,CHECK,startServer,not ready
2022-05-12 05:54:24.915296273 +0700 WIB m=+12.141205662,OUT,CHECK,startServer,not ready
2022-05-12 05:54:24.916223894 +0700 WIB m=+12.142133279,OUT,CHECK,startServer,ready
2022-05-12 05:54:26.547560891 +0700 WIB m=+13.773470291,OUT,START,startServer,Serving HTTP on 0.0.0.0 port 8080 (http://0.0.0.0:8080/) ...
2022-05-12 05:54:26.547600566 +0700 WIB m=+13.773509955,OUT,START,startServer,
2022-05-12 05:54:26.547688513 +0700 WIB m=+13.773597903,OUT,START,startServer,"Keyboard interrupt received, exiting."
2022-05-12 05:59:47.346746809 +0700 WIB m=+2.133777403,OUT,CHECK,startServer,not ready
2022-05-12 05:59:49.348649729 +0700 WIB m=+4.135680321,OUT,CHECK,startServer,not ready
2022-05-12 05:59:51.350578654 +0700 WIB m=+6.137609241,OUT,CHECK,startServer,not ready
2022-05-12 05:59:53.35239925 +0700 WIB m=+8.139429843,OUT,CHECK,startServer,not ready
2022-05-12 05:59:55.354064066 +0700 WIB m=+10.141094667,OUT,CHECK,startServer,not ready
2022-05-12 05:59:57.356239748 +0700 WIB m=+12.143270341,OUT,CHECK,startServer,not ready
2022-05-12 05:59:57.357429657 +0700 WIB m=+12.144460250,OUT,CHECK,startServer,ready
2022-05-12 05:59:58.96133177 +0700 WIB m=+13.748362361,OUT,START,startServer,Serving HTTP on 0.0.0.0 port 8080 (http://0.0.0.0:8080/) ...
2022-05-12 05:59:58.961362365 +0700 WIB m=+13.748392952,OUT,START,startServer,
2022-05-12 05:59:58.961438406 +0700 WIB m=+13.748469000,OUT,START,startServer,"Keyboard interrupt received, exiting."
2022-05-13 22:23:53.426215789 +0700 WIB m=+2.203370211,OUT,CHECK,startServer,not ready
2022-05-13 22:23:55.42776501 +0700 WIB m=+4.204919430,OUT,CHECK,startServer,not ready
2022-05-13 22:23:57.429723698 +0700 WIB m=+6.206878122,OUT,CHECK,startServer,not ready
2022-05-13 22:23:59.43178933 +0700 WIB m=+8.208943755,OUT,CHECK,startServer,not ready
2022-05-13 22:24:01.435559316 +0700 WIB m=+10.212713737,OUT,CHECK,startServer,not ready
2022-05-13 22:24:01.504065898 +0700 WIB m=+10.281220318,OUT,START,startServer,Serving HTTP on 0.0.0.0 port 8080 (http://0.0.0.0:8080/) ...
2022-05-13 22:24:03.437891854 +0700 WIB m=+12.215046275,OUT,CHECK,startServer,not ready
2022-05-13 22:24:03.440251874 +0700 WIB m=+12.217406313,OUT,CHECK,startServer,ready
2022-05-13 22:24:05.04350025 +0700 WIB m=+13.820654678,OUT,START,startServer,
2022-05-13 22:24:05.043536733 +0700 WIB m=+13.820691159,OUT,START,startServer,"Keyboard interrupt received, exiting."
2022-05-13 22:38:34.504744351 +0700 WIB m=+2.226869720,OUT,CHECK,startServer,not ready
2022-05-13 22:38:36.505793254 +0700 WIB m=+4.227918619,OUT,CHECK,startServer,not ready
2022-05-13 22:38:38.507389088 +0700 WIB m=+6.229514452,OUT,CHECK,startServer,not ready
2022-05-13 22:38:40.509175884 +0700 WIB m=+8.231301253,OUT,CHECK,startServer,not ready
2022-05-13 22:38:42.511066689 +0700 WIB m=+10.233192052,OUT,CHECK,startServer,not ready
2022-05-13 22:38:42.550089177 +0700 WIB m=+10.272214546,OUT,START,startServer,Serving HTTP on 0.0.0.0 port 8080 (http://0.0.0.0:8080/) ...
2022-05-13 22:38:44.512949101 +0700 WIB m=+12.235074471,OUT,CHECK,startServer,not ready
2022-05-13 22:38:44.514198252 +0700 WIB m=+12.236323628,OUT,CHECK,startServer,ready
2022-05-13 22:38:46.117873936 +0700 WIB m=+13.839999299,OUT,START,startServer,
2022-05-13 22:38:46.117899227 +0700 WIB m=+13.840024589,OUT,START,startServer,"Keyboard interrupt received, exiting."
2022-05-13 23:34:54.946957478 +0700 WIB m=+2.177119936,OUT,CHECK,startServer,not ready
2022-05-13 23:34:56.948450032 +0700 WIB m=+4.178612481,OUT,CHECK,startServer,not ready
2022-05-13 23:34:58.95008759 +0700 WIB m=+6.180250055,OUT,CHECK,startServer,not ready
2022-05-13 23:35:00.952430014 +0700 WIB m=+8.182592472,OUT,CHECK,startServer,not ready
2022-05-13 23:35:02.954446101 +0700 WIB m=+10.184608552,OUT,CHECK,startServer,not ready
2022-05-13 23:35:02.993057231 +0700 WIB m=+10.223219681,OUT,START,startServer,Serving HTTP on 0.0.0.0 port 8080 (http://0.0.0.0:8080/) ...
2022-05-13 23:35:04.956335192 +0700 WIB m=+12.186497643,OUT,CHECK,startServer,not ready
2022-05-13 23:35:04.957560634 +0700 WIB m=+12.187723101,OUT,CHECK,startServer,ready
2022-05-13 23:35:06.561045437 +0700 WIB m=+13.791207890,OUT,START,startServer,
2022-05-13 23:35:06.561081546 +0700 WIB m=+13.791244002,OUT,START,startServer,"Keyboard interrupt received, exiting."
2022-05-13 23:54:10.222671533 +0700 WIB m=+2.169372573,OUT,CHECK,startServer,not ready
2022-05-13 23:54:12.22452259 +0700 WIB m=+4.171223648,OUT,CHECK,startServer,not ready
2022-05-13 23:54:14.2264624 +0700 WIB m=+6.173163447,OUT,CHECK,startServer,not ready
2022-05-13 23:54:16.228002977 +0700 WIB m=+8.174704018,OUT,CHECK,startServer,not ready
2022-05-13 23:54:18.229468457 +0700 WIB m=+10.176169497,OUT,CHECK,startServer,not ready
2022-05-13 23:54:18.29920281 +0700 WIB m=+10.245903850,OUT,START,startServer,Serving HTTP on 0.0.0.0 port 8080 (http://0.0.0.0:8080/) ...
2022-05-13 23:54:20.230980407 +0700 WIB m=+12.177681457,OUT,CHECK,startServer,not ready
2022-05-13 23:54:20.231931198 +0700 WIB m=+12.178632240,OUT,CHECK,startServer,ready
2022-05-13 23:54:21.836754159 +0700 WIB m=+13.783455199,OUT,START,startServer,
2022-05-13 23:54:21.836775466 +0700 WIB m=+13.783476506,OUT,START,startServer,"Keyboard interrupt received, exiting."
2022-05-14 07:50:06.595216591 +0700 WIB m=+2.183606176,OUT,CHECK,startServer,not ready
2022-05-14 07:50:08.596979106 +0700 WIB m=+4.185368692,OUT,CHECK,startServer,not ready
2022-05-14 07:50:10.598608631 +0700 WIB m=+6.186998217,OUT,CHECK,startServer,not ready
2022-05-14 07:50:12.600124044 +0700 WIB m=+8.188513630,OUT,CHECK,startServer,not ready
2022-05-14 07:50:14.601639393 +0700 WIB m=+10.190028982,OUT,CHECK,startServer,not ready
2022-05-14 07:50:14.654565561 +0700 WIB m=+10.242955147,OUT,START,startServer,Serving HTTP on 0.0.0.0 port 8080 (http://0.0.0.0:8080/) ...
2022-05-14 07:50:16.603455963 +0700 WIB m=+12.191539054,OUT,CHECK,startServer,not ready
2022-05-14 07:50:16.604426554 +0700 WIB m=+12.192509665,OUT,CHECK,startServer,ready
2022-05-14 07:50:18.208093265 +0700 WIB m=+13.796176359,OUT,START,startServer,
2022-05-14 07:50:18.208144769 +0700 WIB m=+13.796227870,OUT,START,startServer,"Keyboard interrupt received, exiting."
2022-05-14 08:38:37.186526481 +0700 WIB m=+2.150379239,OUT,CHECK,startServer,not ready
2022-05-14 08:38:39.188640873 +0700 WIB m=+4.152493633,OUT,CHECK,startServer,not ready
2022-05-14 08:38:41.190811706 +0700 WIB m=+6.154664466,OUT,CHECK,startServer,not ready
2022-05-14 08:38:43.192646837 +0700 WIB m=+8.156499595,OUT,CHECK,startServer,not ready
2022-05-14 08:38:45.194623393 +0700 WIB m=+10.158476160,OUT,CHECK,startServer,not ready
2022-05-14 08:38:47.196595935 +0700 WIB m=+12.160281875,OUT,CHECK,startServer,not ready
2022-05-14 08:38:47.197702465 +0700 WIB m=+12.161388413,OUT,CHECK,startServer,ready
2022-05-14 08:38:48.801389815 +0700 WIB m=+13.765075754,OUT,START,startServer,Serving HTTP on 0.0.0.0 port 8080 (http://0.0.0.0:8080/) ...
2022-05-14 08:38:48.80142192 +0700 WIB m=+13.765107859,OUT,START,startServer,
2022-05-14 08:38:48.801505992 +0700 WIB m=+13.765191937,OUT,START,startServer,"Keyboard interrupt received, exiting."
2022-05-14 08:45:17.595320245 +0700 WIB m=+2.139845544,OUT,CHECK,startServer,not ready
2022-05-14 08:45:19.597085472 +0700 WIB m=+4.141610772,OUT,CHECK,startServer,not ready
2022-05-14 08:45:21.59904904 +0700 WIB m=+6.143574343,OUT,CHECK,startServer,not ready
2022-05-14 08:45:23.600828815 +0700 WIB m=+8.145354115,OUT,CHECK,startServer,not ready
2022-05-14 08:45:25.602472195 +0700 WIB m=+10.146997498,OUT,CHECK,startServer,not ready
2022-05-14 08:45:27.604470718 +0700 WIB m=+12.148996022,OUT,CHECK,startServer,not ready
2022-05-14 08:45:27.6057016 +0700 WIB m=+12.150226900,OUT,CHECK,startServer,ready
2022-05-14 08:45:29.208557761 +0700 WIB m=+13.753083059,OUT,START,startServer,Serving HTTP on 0.0.0.0 port 8080 (http://0.0.0.0:8080/) ...
2022-05-14 08:45:29.208585539 +0700 WIB m=+13.753110837,OUT,START,startServer,
2022-05-14 08:45:29.208695836 +0700 WIB m=+13.753221135,OUT,START,startServer,"Keyboard interrupt received, exiting."
2022-05-14 09:59:38.223031504 +0700 WIB m=+2.211990213,OUT,CHECK,startServer,not ready
2022-05-14 09:59:40.225241472 +0700 WIB m=+4.214200184,OUT,CHECK,startServer,not ready
2022-05-14 09:59:42.227189882 +0700 WIB m=+6.216148593,OUT,CHECK,startServer,not ready
2022-05-14 09:59:44.229460888 +0700 WIB m=+8.218419603,OUT,CHECK,startServer,not ready
2022-05-14 09:59:46.232439522 +0700 WIB m=+10.221398237,OUT,CHECK,startServer,not ready
2022-05-14 09:59:48.234421786 +0700 WIB m=+12.223372495,OUT,CHECK,startServer,not ready
2022-05-14 09:59:48.235582548 +0700 WIB m=+12.224533266,OUT,CHECK,startServer,ready
2022-05-14 09:59:49.839950091 +0700 WIB m=+13.828900790,OUT,START,startServer,Serving HTTP on 0.0.0.0 port 8080 (http://0.0.0.0:8080/) ...
2022-05-14 09:59:49.83997398 +0700 WIB m=+13.828924680,OUT,START,startServer,
2022-05-14 09:59:49.84007899 +0700 WIB m=+13.829029695,OUT,START,startServer,"Keyboard interrupt received, exiting."
2022-05-14 10:52:52.221843808 +0700 WIB m=+2.144124608,OUT,CHECK,startServer,not ready
2022-05-14 10:52:54.223775006 +0700 WIB m=+4.146055792,OUT,CHECK,startServer,not ready
2022-05-14 10:52:56.225544378 +0700 WIB m=+6.147825162,OUT,CHECK,startServer,not ready
2022-05-14 10:52:58.227469472 +0700 WIB m=+8.149750258,OUT,CHECK,startServer,not ready
2022-05-14 10:53:00.229300867 +0700 WIB m=+10.151581655,OUT,CHECK,startServer,not ready
2022-05-14 10:53:02.2311782 +0700 WIB m=+12.153458988,OUT,CHECK,startServer,not ready
2022-05-14 10:53:02.232231417 +0700 WIB m=+12.154512207,OUT,CHECK,startServer,ready
2022-05-14 10:53:03.837253249 +0700 WIB m=+13.759534033,OUT,START,startServer,Serving HTTP on 0.0.0.0 port 8080 (http://0.0.0.0:8080/) ...
2022-05-14 10:53:03.837293534 +0700 WIB m=+13.759574320,OUT,START,startServer,
2022-05-14 10:53:03.837434521 +0700 WIB m=+13.759715308,OUT,START,startServer,"Keyboard interrupt received, exiting."
2022-05-14 12:21:08.235171779 +0700 WIB m=+2.159510138,OUT,CHECK,startServer,not ready
2022-05-14 12:21:10.23676495 +0700 WIB m=+4.161103316,OUT,CHECK,startServer,not ready
2022-05-14 12:21:12.238671242 +0700 WIB m=+6.163009603,OUT,CHECK,startServer,not ready
2022-05-14 12:21:14.240633307 +0700 WIB m=+8.164971671,OUT,CHECK,startServer,not ready
2022-05-14 12:21:16.24223633 +0700 WIB m=+10.166574690,OUT,CHECK,startServer,not ready
2022-05-14 12:21:16.279948022 +0700 WIB m=+10.204286384,OUT,START,startServer,Serving HTTP on 0.0.0.0 port 8080 (http://0.0.0.0:8080/) ...
2022-05-14 12:21:18.244050989 +0700 WIB m=+12.168334529,OUT,CHECK,startServer,not ready
2022-05-14 12:21:18.245151511 +0700 WIB m=+12.169435059,OUT,CHECK,startServer,ready
2022-05-14 12:21:19.849918989 +0700 WIB m=+13.774202513,OUT,START,startServer,
2022-05-14 12:21:19.849946501 +0700 WIB m=+13.774230025,OUT,START,startServer,"Keyboard interrupt received, exiting."
2022-05-14 12:26:47.436722525 +0700 WIB m=+2.179734391,OUT,CHECK,startServer,not ready
2022-05-14 12:26:49.438766345 +0700 WIB m=+4.181778217,OUT,CHECK,startServer,not ready
2022-05-14 12:26:51.441148454 +0700 WIB m=+6.184160322,OUT,CHECK,startServer,not ready
2022-05-14 12:26:53.443282385 +0700 WIB m=+8.186294252,OUT,CHECK,startServer,not ready
2022-05-14 12:26:55.444956842 +0700 WIB m=+10.187968714,OUT,CHECK,startServer,not ready
2022-05-14 12:26:57.446755471 +0700 WIB m=+12.189767338,OUT,CHECK,startServer,not ready
2022-05-14 12:26:57.447785682 +0700 WIB m=+12.190797549,OUT,CHECK,startServer,ready
2022-05-14 12:26:59.052749004 +0700 WIB m=+13.795760871,OUT,START,startServer,Serving HTTP on 0.0.0.0 port 8080 (http://0.0.0.0:8080/) ...
2022-05-14 12:26:59.05277833 +0700 WIB m=+13.795790199,OUT,START,startServer,
2022-05-14 12:26:59.052885034 +0700 WIB m=+13.795896901,OUT,START,startServer,"Keyboard interrupt received, exiting."
2022-05-14 12:36:58.170187734 +0700 WIB m=+2.188947787,OUT,CHECK,startServer,not ready
2022-05-14 12:37:00.17196312 +0700 WIB m=+4.190723173,OUT,CHECK,startServer,not ready
2022-05-14 12:37:02.174009568 +0700 WIB m=+6.192769620,OUT,CHECK,startServer,not ready
2022-05-14 12:37:04.176161613 +0700 WIB m=+8.194921663,OUT,CHECK,startServer,not ready
2022-05-14 12:37:06.177892945 +0700 WIB m=+10.196652998,OUT,CHECK,startServer,not ready
2022-05-14 12:37:08.180134959 +0700 WIB m=+12.198895011,OUT,CHECK,startServer,not ready
2022-05-14 12:37:08.181111762 +0700 WIB m=+12.199871816,OUT,CHECK,startServer,ready
2022-05-14 12:37:09.785245953 +0700 WIB m=+13.804006006,OUT,START,startServer,Serving HTTP on 0.0.0.0 port 8080 (http://0.0.0.0:8080/) ...
2022-05-14 12:37:09.785275994 +0700 WIB m=+13.804036046,OUT,START,startServer,
2022-05-14 12:37:09.785367114 +0700 WIB m=+13.804127165,OUT,START,startServer,"Keyboard interrupt received, exiting."
2022-05-14 14:10:41.256680333 +0700 WIB m=+2.150778541,OUT,CHECK,startServer,not ready
2022-05-14 14:10:43.258733545 +0700 WIB m=+4.152831754,OUT,CHECK,startServer,not ready
2022-05-14 14:10:45.260732879 +0700 WIB m=+6.154831087,OUT,CHECK,startServer,not ready
2022-05-14 14:10:47.262791397 +0700 WIB m=+8.156889605,OUT,CHECK,startServer,not ready
2022-05-14 14:10:49.264769857 +0700 WIB m=+10.158868064,OUT,CHECK,startServer,not ready
2022-05-14 14:10:51.266420764 +0700 WIB m=+12.160518973,OUT,CHECK,startServer,not ready
2022-05-14 14:10:51.267439767 +0700 WIB m=+12.161537989,OUT,CHECK,startServer,ready
2022-05-14 14:10:52.87041634 +0700 WIB m=+13.764514548,OUT,START,startServer,Serving HTTP on 0.0.0.0 port 8080 (http://0.0.0.0:8080/) ...
2022-05-14 14:10:52.870445991 +0700 WIB m=+13.764544198,OUT,START,startServer,
2022-05-14 14:10:52.870558287 +0700 WIB m=+13.764656494,OUT,START,startServer,"Keyboard interrupt received, exiting."
2022-05-14 14:47:14.423062374 +0700 WIB m=+2.153047769,OUT,CHECK,startServer,not ready
2022-05-14 14:47:16.424516031 +0700 WIB m=+4.154501428,OUT,CHECK,startServer,not ready
2022-05-14 14:47:18.425992943 +0700 WIB m=+6.155978342,OUT,CHECK,startServer,not ready
2022-05-14 14:47:20.427440344 +0700 WIB m=+8.157425748,OUT,CHECK,startServer,not ready
2022-05-14 14:47:22.429091743 +0700 WIB m=+10.159077143,OUT,CHECK,startServer,not ready
2022-05-14 14:47:22.480987442 +0700 WIB m=+10.210972839,OUT,START,startServer,Serving HTTP on 0.0.0.0 port 8080 (http://0.0.0.0:8080/) ...
2022-05-14 14:47:24.43062621 +0700 WIB m=+12.160611609,OUT,CHECK,startServer,not ready
2022-05-14 14:47:24.431465138 +0700 WIB m=+12.161450546,OUT,CHECK,startServer,ready
2022-05-14 14:47:26.034113272 +0700 WIB m=+13.764098671,OUT,START,startServer,
2022-05-14 14:47:26.03414701 +0700 WIB m=+13.764132424,OUT,START,startServer,"Keyboard interrupt received, exiting."
2022-05-14 15:01:36.528793917 +0700 WIB m=+2.140644282,OUT,CHECK,startServer,not ready
2022-05-14 15:01:38.530682847 +0700 WIB m=+4.142533214,OUT,CHECK,startServer,not ready
2022-05-14 15:01:40.532177395 +0700 WIB m=+6.144027778,OUT,CHECK,startServer,not ready
2022-05-14 15:01:42.534185546 +0700 WIB m=+8.146035910,OUT,CHECK,startServer,not ready
2022-05-14 15:01:44.536079636 +0700 WIB m=+10.147930010,OUT,CHECK,startServer,not ready
2022-05-14 15:01:44.601947374 +0700 WIB m=+10.213797739,OUT,START,startServer,Serving HTTP on 0.0.0.0 port 8080 (http://0.0.0.0:8080/) ...
2022-05-14 15:01:46.538000433 +0700 WIB m=+12.149850802,OUT,CHECK,startServer,not ready
2022-05-14 15:01:46.539253215 +0700 WIB m=+12.151103580,OUT,CHECK,startServer,ready
2022-05-14 15:01:48.144113801 +0700 WIB m=+13.755964173,OUT,START,startServer,
2022-05-14 15:01:48.144141181 +0700 WIB m=+13.755991550,OUT,START,startServer,"Keyboard interrupt received, exiting."
2022-05-16 08:42:22.821397961 +0700 WIB m=+2.151191692,OUT,CHECK,startServer,not ready
2022-05-16 08:42:24.823380147 +0700 WIB m=+4.153173860,OUT,CHECK,startServer,not ready
2022-05-16 08:42:26.825013977 +0700 WIB m=+6.154807687,OUT,CHECK,startServer,not ready
2022-05-16 08:42:28.82660366 +0700 WIB m=+8.156397376,OUT,CHECK,startServer,not ready
2022-05-16 08:42:30.828369154 +0700 WIB m=+10.158224387,OUT,CHECK,startServer,not ready
2022-05-16 08:42:30.896266404 +0700 WIB m=+10.226121660,OUT,START,startServer,Serving HTTP on 0.0.0.0 port 8080 (http://0.0.0.0:8080/) ...
2022-05-16 08:42:32.830443093 +0700 WIB m=+12.160298326,OUT,CHECK,startServer,not ready
2022-05-16 08:42:32.831582461 +0700 WIB m=+12.161437701,OUT,CHECK,startServer,ready
2022-05-16 08:42:34.434830221 +0700 WIB m=+13.764685458,OUT,START,startServer,
2022-05-16 08:42:34.4349115 +0700 WIB m=+13.764766734,OUT,START,startServer,"Keyboard interrupt received, exiting."
2022-05-16 09:10:21.546404482 +0700 WIB m=+2.139267171,OUT,CHECK,startServer,not ready
2022-05-16 09:10:23.548464441 +0700 WIB m=+4.141327122,OUT,CHECK,startServer,not ready
2022-05-16 09:10:25.550489565 +0700 WIB m=+6.143352246,OUT,CHECK,startServer,not ready
2022-05-16 09:10:27.552426728 +0700 WIB m=+8.145289409,OUT,CHECK,startServer,not ready
2022-05-16 09:10:29.554284099 +0700 WIB m=+10.147146779,OUT,CHECK,startServer,not ready
2022-05-16 09:10:29.582507171 +0700 WIB m=+10.175369853,OUT,START,startServer,Serving HTTP on 0.0.0.0 port 8080 (http://0.0.0.0:8080/) ...
2022-05-16 09:10:31.556381186 +0700 WIB m=+12.149174840,OUT,CHECK,startServer,not ready
2022-05-16 09:10:31.557426341 +0700 WIB m=+12.150219996,OUT,CHECK,startServer,ready
2022-05-16 09:10:33.162688548 +0700 WIB m=+13.755482204,OUT,START,startServer,
2022-05-16 09:10:33.162720116 +0700 WIB m=+13.755513769,OUT,START,startServer,"Keyboard interrupt received, exiting."
2022-05-18 19:51:30.609085824 +0700 WIB m=+2.335898767,OUT,CHECK,startServer,not ready
2022-05-18 19:51:32.611187795 +0700 WIB m=+4.338000717,OUT,CHECK,startServer,not ready
2022-05-18 19:51:34.613906145 +0700 WIB m=+6.340719065,OUT,CHECK,startServer,not ready
2022-05-18 19:51:36.615557921 +0700 WIB m=+8.342379857,OUT,CHECK,startServer,not ready
2022-05-18 19:51:38.617675601 +0700 WIB m=+10.344497538,OUT,CHECK,startServer,not ready
2022-05-18 19:51:38.684658307 +0700 WIB m=+10.411480233,OUT,START,startServer,Serving HTTP on 0.0.0.0 port 8080 (http://0.0.0.0:8080/) ...
2022-05-18 19:51:40.619339152 +0700 WIB m=+12.346161078,OUT,CHECK,startServer,not ready
2022-05-18 19:51:40.620316509 +0700 WIB m=+12.347138434,OUT,CHECK,startServer,ready
2022-05-18 19:51:42.224603669 +0700 WIB m=+13.951425592,OUT,START,startServer,
2022-05-18 19:51:42.224626494 +0700 WIB m=+13.951448420,OUT,START,startServer,"Keyboard interrupt received, exiting."
2022-05-18 20:08:42.752871153 +0700 WIB m=+2.169255157,OUT,CHECK,startServer,not ready
2022-05-18 20:08:44.754691613 +0700 WIB m=+4.171075607,OUT,CHECK,startServer,not ready
2022-05-18 20:08:46.757747214 +0700 WIB m=+6.174131208,OUT,CHECK,startServer,not ready
2022-05-18 20:08:48.76135313 +0700 WIB m=+8.177737134,OUT,CHECK,startServer,not ready
2022-05-18 20:08:50.763483949 +0700 WIB m=+10.179867954,OUT,CHECK,startServer,not ready
2022-05-18 20:08:50.811465022 +0700 WIB m=+10.227849019,OUT,START,startServer,Serving HTTP on 0.0.0.0 port 8080 (http://0.0.0.0:8080/) ...
2022-05-18 20:08:52.765491643 +0700 WIB m=+12.181875647,OUT,CHECK,startServer,not ready
2022-05-18 20:08:52.766569622 +0700 WIB m=+12.182953621,OUT,CHECK,startServer,ready
2022-05-18 20:08:54.369998892 +0700 WIB m=+13.786382886,OUT,START,startServer,
2022-05-18 20:08:54.370028829 +0700 WIB m=+13.786412822,OUT,START,startServer,"Keyboard interrupt received, exiting."
2022-05-18 22:47:44.605892568 +0700 WIB m=+2.154195502,OUT,CHECK,startServer,not ready
2022-05-18 22:47:46.607405236 +0700 WIB m=+4.155708171,OUT,CHECK,startServer,not ready
2022-05-18 22:47:48.6091001 +0700 WIB m=+6.157403036,OUT,CHECK,startServer,not ready
2022-05-18 22:47:50.610734645 +0700 WIB m=+8.159037579,OUT,CHECK,startServer,not ready
2022-05-18 22:47:52.612776217 +0700 WIB m=+10.161079154,OUT,CHECK,startServer,not ready
2022-05-18 22:47:52.654822099 +0700 WIB m=+10.203125040,OUT,START,startServer,Serving HTTP on 0.0.0.0 port 8080 (http://0.0.0.0:8080/) ...
2022-05-18 22:47:54.614572824 +0700 WIB m=+12.162875759,OUT,CHECK,startServer,not ready
2022-05-18 22:47:54.615458453 +0700 WIB m=+12.163761397,OUT,CHECK,startServer,ready
2022-05-18 22:47:56.218932444 +0700 WIB m=+13.767235378,OUT,START,startServer,
2022-05-18 22:47:56.218955174 +0700 WIB m=+13.767258107,OUT,START,startServer,"Keyboard interrupt received, exiting."
2022-05-18 23:19:43.776017461 +0700 WIB m=+2.147385422,OUT,CHECK,startServer,not ready
2022-05-18 23:19:45.777903693 +0700 WIB m=+4.149271653,OUT,CHECK,startServer,not ready
2022-05-18 23:19:47.779679179 +0700 WIB m=+6.151047142,OUT,CHECK,startServer,not ready
2022-05-18 23:19:49.78168786 +0700 WIB m=+8.153055824,OUT,CHECK,startServer,not ready
2022-05-18 23:19:51.783657906 +0700 WIB m=+10.155025879,OUT,CHECK,startServer,not ready
2022-05-18 23:19:51.84859419 +0700 WIB m=+10.219962164,OUT,START,startServer,Serving HTTP on 0.0.0.0 port 8080 (http://0.0.0.0:8080/) ...
2022-05-18 23:19:53.785351394 +0700 WIB m=+12.156719362,OUT,CHECK,startServer,not ready
2022-05-18 23:19:53.786393324 +0700 WIB m=+12.157761285,OUT,CHECK,startServer,ready
2022-05-18 23:19:55.390339596 +0700 WIB m=+13.761707557,OUT,START,startServer,
2022-05-18 23:19:55.390407992 +0700 WIB m=+13.761775952,OUT,START,startServer,"Keyboard interrupt received, exiting."
2022-05-18 23:48:49.375466323 +0700 WIB m=+2.141419144,OUT,CHECK,startServer,not ready
2022-05-18 23:48:51.377808899 +0700 WIB m=+4.143761729,OUT,CHECK,startServer,not ready
2022-05-18 23:48:53.380058348 +0700 WIB m=+6.146011198,OUT,CHECK,startServer,not ready
2022-05-18 23:48:55.382475313 +0700 WIB m=+8.148428148,OUT,CHECK,startServer,not ready
2022-05-18 23:48:57.38660909 +0700 WIB m=+10.152561914,OUT,CHECK,startServer,not ready
2022-05-18 23:48:59.388413814 +0700 WIB m=+12.154366645,OUT,CHECK,startServer,not ready
2022-05-18 23:48:59.389856481 +0700 WIB m=+12.155809308,OUT,CHECK,startServer,ready
2022-05-18 23:49:00.992824843 +0700 WIB m=+13.758777673,OUT,START,startServer,Serving HTTP on 0.0.0.0 port 8080 (http://0.0.0.0:8080/) ...
2022-05-18 23:49:00.992868208 +0700 WIB m=+13.758821030,OUT,START,startServer,
2022-05-18 23:49:00.993027715 +0700 WIB m=+13.758980535,OUT,START,startServer,"Keyboard interrupt received, exiting."
2022-05-20 08:08:03.718269191 +0700 WIB m=+2.141622682,OUT,CHECK,startServer,not ready
2022-05-20 08:08:05.720239925 +0700 WIB m=+4.143593415,OUT,CHECK,startServer,not ready
2022-05-20 08:08:07.722214291 +0700 WIB m=+6.145567781,OUT,CHECK,startServer,not ready
2022-05-20 08:08:09.724036673 +0700 WIB m=+8.147390165,OUT,CHECK,startServer,not ready
2022-05-20 08:08:11.72567286 +0700 WIB m=+10.149026361,OUT,CHECK,startServer,not ready
2022-05-20 08:08:13.728135984 +0700 WIB m=+12.151489476,OUT,CHECK,startServer,not ready
2022-05-20 08:08:13.7292857 +0700 WIB m=+12.152639192,OUT,CHECK,startServer,ready
2022-05-20 08:08:15.331068787 +0700 WIB m=+13.754422288,OUT,START,startServer,Serving HTTP on 0.0.0.0 port 8080 (http://0.0.0.0:8080/) ...
2022-05-20 08:08:15.331104163 +0700 WIB m=+13.754457673,OUT,START,startServer,
2022-05-20 08:08:15.331254907 +0700 WIB m=+13.754608397,OUT,START,startServer,"Keyboard interrupt received, exiting."
2022-05-20 08:54:58.7274662 +0700 WIB m=+2.140493866,OUT,CHECK,startServer,not ready
2022-05-20 08:55:00.72935154 +0700 WIB m=+4.142379199,OUT,CHECK,startServer,not ready
2022-05-20 08:55:02.73150872 +0700 WIB m=+6.144536378,OUT,CHECK,startServer,not ready
2022-05-20 08:55:04.733550729 +0700 WIB m=+8.146578385,OUT,CHECK,startServer,not ready
2022-05-20 08:55:06.735911068 +0700 WIB m=+10.148938723,OUT,CHECK,startServer,not ready
2022-05-20 08:55:06.801184291 +0700 WIB m=+10.214211951,OUT,START,startServer,Serving HTTP on 0.0.0.0 port 8080 (http://0.0.0.0:8080/) ...
2022-05-20 08:55:08.738118185 +0700 WIB m=+12.151145841,OUT,CHECK,startServer,not ready
2022-05-20 08:55:08.739481551 +0700 WIB m=+12.152509209,OUT,CHECK,startServer,ready
2022-05-20 08:55:10.344842816 +0700 WIB m=+13.757870478,OUT,START,startServer,
2022-05-20 08:55:10.344876621 +0700 WIB m=+13.757904282,OUT,START,startServer,"Keyboard interrupt received, exiting."
2022-05-20 09:05:57.751506269 +0700 WIB m=+2.142341654,OUT,CHECK,startServer,not ready
2022-05-20 09:05:59.753952245 +0700 WIB m=+4.144787628,OUT,CHECK,startServer,not ready
2022-05-20 09:06:01.756156113 +0700 WIB m=+6.146991492,OUT,CHECK,startServer,not ready
2022-05-20 09:06:03.758395912 +0700 WIB m=+8.149231292,OUT,CHECK,startServer,not ready
2022-05-20 09:06:05.760160146 +0700 WIB m=+10.150995529,OUT,CHECK,startServer,not ready
2022-05-20 09:06:05.788302746 +0700 WIB m=+10.179138151,OUT,START,startServer,Serving HTTP on 0.0.0.0 port 8080 (http://0.0.0.0:8080/) ...
2022-05-20 09:06:07.762262018 +0700 WIB m=+12.153097398,OUT,CHECK,startServer,not ready
2022-05-20 09:06:07.763567746 +0700 WIB m=+12.154403128,OUT,CHECK,startServer,ready
2022-05-20 09:06:09.365876207 +0700 WIB m=+13.756711586,OUT,START,startServer,
2022-05-20 09:06:09.365906982 +0700 WIB m=+13.756742360,OUT,START,startServer,"Keyboard interrupt received, exiting."
2022-05-20 09:09:49.992797799 +0700 WIB m=+2.141545435,OUT,CHECK,startServer,not ready
2022-05-20 09:09:51.994527828 +0700 WIB m=+4.143275462,OUT,CHECK,startServer,not ready
2022-05-20 09:09:53.996415202 +0700 WIB m=+6.145162837,OUT,CHECK,startServer,not ready
2022-05-20 09:09:55.999233226 +0700 WIB m=+8.147980859,OUT,CHECK,startServer,not ready
2022-05-20 09:09:58.001120526 +0700 WIB m=+10.149868178,OUT,CHECK,startServer,not ready
2022-05-20 09:10:00.003205702 +0700 WIB m=+12.151953354,OUT,CHECK,startServer,not ready
2022-05-20 09:10:00.004247567 +0700 WIB m=+12.152995219,OUT,CHECK,startServer,ready
2022-05-20 09:10:01.607217359 +0700 WIB m=+13.755964994,OUT,START,startServer,Serving HTTP on 0.0.0.0 port 8080 (http://0.0.0.0:8080/) ...
2022-05-20 09:10:01.607253197 +0700 WIB m=+13.756000831,OUT,START,startServer,
2022-05-20 09:10:01.607375281 +0700 WIB m=+13.756122916,OUT,START,startServer,"Keyboard interrupt received, exiting."
2022-05-20 09:20:08.026080017 +0700 WIB m=+2.182191202,OUT,CHECK,startServer,not ready
2022-05-20 09:20:10.027791975 +0700 WIB m=+4.183903160,OUT,CHECK,startServer,not ready
2022-05-20 09:20:12.030265504 +0700 WIB m=+6.186376696,OUT,CHECK,startServer,not ready
2022-05-20 09:20:14.032505793 +0700 WIB m=+8.188616978,OUT,CHECK,startServer,not ready
2022-05-20 09:20:16.034395963 +0700 WIB m=+10.190507151,OUT,CHECK,startServer,not ready
2022-05-20 09:20:16.06761967 +0700 WIB m=+10.223730858,OUT,START,startServer,Serving HTTP on 0.0.0.0 port 8080 (http://0.0.0.0:8080/) ...
2022-05-20 09:20:18.036050155 +0700 WIB m=+12.192191619,OUT,CHECK,startServer,not ready
2022-05-20 09:20:18.037265643 +0700 WIB m=+12.193407105,OUT,CHECK,startServer,ready
2022-05-20 09:20:19.641054766 +0700 WIB m=+13.797196239,OUT,START,startServer,
2022-05-20 09:20:19.641087529 +0700 WIB m=+13.797228993,OUT,START,startServer,"Keyboard interrupt received, exiting."
2022-05-20 13:52:53.657873414 +0700 WIB m=+2.159064398,OUT,CHECK,startServer,not ready
2022-05-20 13:52:55.659557893 +0700 WIB m=+4.160748871,OUT,CHECK,startServer,not ready
2022-05-20 13:52:57.661349279 +0700 WIB m=+6.162540262,OUT,CHECK,startServer,not ready
2022-05-20 13:52:59.663143842 +0700 WIB m=+8.164334831,OUT,CHECK,startServer,not ready
2022-05-20 13:53:01.666216205 +0700 WIB m=+10.167407185,OUT,CHECK,startServer,not ready
2022-05-20 13:53:01.716189819 +0700 WIB m=+10.217380798,OUT,START,startServer,Serving HTTP on 0.0.0.0 port 8080 (http://0.0.0.0:8080/) ...
2022-05-20 13:53:03.669033241 +0700 WIB m=+12.170224220,OUT,CHECK,startServer,not ready
2022-05-20 13:53:03.669989806 +0700 WIB m=+12.171180785,OUT,CHECK,startServer,ready
2022-05-20 13:53:05.273445778 +0700 WIB m=+13.774636763,OUT,START,startServer,
2022-05-20 13:53:05.273472448 +0700 WIB m=+13.774663433,OUT,START,startServer,"Keyboard interrupt received, exiting."
2022-05-20 15:10:27.396204961 +0700 WIB m=+2.168709936,OUT,CHECK,startServer,not ready
2022-05-20 15:10:29.398384398 +0700 WIB m=+4.170889379,OUT,CHECK,startServer,not ready
2022-05-20 15:10:31.400612993 +0700 WIB m=+6.173117971,OUT,CHECK,startServer,not ready
2022-05-20 15:10:33.402899947 +0700 WIB m=+8.175404925,OUT,CHECK,startServer,not ready
2022-05-20 15:10:35.404902921 +0700 WIB m=+10.177407902,OUT,CHECK,startServer,not ready
2022-05-20 15:10:35.433954571 +0700 WIB m=+10.206459550,OUT,START,startServer,Serving HTTP on 0.0.0.0 port 8080 (http://0.0.0.0:8080/) ...
2022-05-20 15:10:37.406897429 +0700 WIB m=+12.179402410,OUT,CHECK,startServer,not ready
2022-05-20 15:10:37.408138984 +0700 WIB m=+12.180643965,OUT,CHECK,startServer,ready
2022-05-20 15:10:39.012721101 +0700 WIB m=+13.785226094,OUT,START,startServer,
2022-05-20 15:10:39.012739253 +0700 WIB m=+13.785244231,OUT,START,startServer,"Keyboard interrupt received, exiting."
2022-05-20 15:14:26.189174404 +0700 WIB m=+2.142894407,OUT,CHECK,startServer,not ready
2022-05-20 15:14:28.191238021 +0700 WIB m=+4.144958022,OUT,CHECK,startServer,not ready
2022-05-20 15:14:30.193956035 +0700 WIB m=+6.147676038,OUT,CHECK,startServer,not ready
2022-05-20 15:14:32.196213025 +0700 WIB m=+8.149933028,OUT,CHECK,startServer,not ready
2022-05-20 15:14:34.19822045 +0700 WIB m=+10.151940456,OUT,CHECK,startServer,not ready
2022-05-20 15:14:36.20010537 +0700 WIB m=+12.153825369,OUT,CHECK,startServer,not ready
2022-05-20 15:14:36.201356357 +0700 WIB m=+12.155076376,OUT,CHECK,startServer,ready
2022-05-20 15:14:37.805020187 +0700 WIB m=+13.758740188,OUT,START,startServer,Serving HTTP on 0.0.0.0 port 8080 (http://0.0.0.0:8080/) ...
2022-05-20 15:14:37.805051406 +0700 WIB m=+13.758771404,OUT,START,startServer,
2022-05-20 15:14:37.805166472 +0700 WIB m=+13.758886476,OUT,START,startServer,"Keyboard interrupt received, exiting."
2022-05-20 21:24:52.57884133 +0700 WIB m=+2.219220725,OUT,CHECK,startServer,not ready
2022-05-20 21:24:54.580994691 +0700 WIB m=+4.221374091,OUT,CHECK,startServer,not ready
2022-05-20 21:24:56.583522795 +0700 WIB m=+6.223902190,OUT,CHECK,startServer,not ready
2022-05-20 21:24:58.585568694 +0700 WIB m=+8.225948091,OUT,CHECK,startServer,not ready
2022-05-20 21:25:00.588118147 +0700 WIB m=+10.228497548,OUT,CHECK,startServer,not ready
2022-05-20 21:25:00.626625332 +0700 WIB m=+10.267004729,OUT,START,startServer,Serving HTTP on 0.0.0.0 port 8080 (http://0.0.0.0:8080/) ...
2022-05-20 21:25:02.590059679 +0700 WIB m=+12.230439077,OUT,CHECK,startServer,not ready
2022-05-20 21:25:02.591179693 +0700 WIB m=+12.231559088,OUT,CHECK,startServer,ready
2022-05-20 21:25:04.195475848 +0700 WIB m=+13.835855243,OUT,START,startServer,
2022-05-20 21:25:04.195503399 +0700 WIB m=+13.835882793,OUT,START,startServer,"Keyboard interrupt received, exiting."
2022-05-20 21:29:37.905411665 +0700 WIB m=+2.146391218,OUT,CHECK,startServer,not ready
2022-05-20 21:29:39.907463933 +0700 WIB m=+4.148443484,OUT,CHECK,startServer,not ready
2022-05-20 21:29:41.909324598 +0700 WIB m=+6.150304148,OUT,CHECK,startServer,not ready
2022-05-20 21:29:43.911464388 +0700 WIB m=+8.152443945,OUT,CHECK,startServer,not ready
2022-05-20 21:29:45.913439864 +0700 WIB m=+10.154419415,OUT,CHECK,startServer,not ready
2022-05-20 21:29:47.915520264 +0700 WIB m=+12.156499815,OUT,CHECK,startServer,not ready
2022-05-20 21:29:47.916552481 +0700 WIB m=+12.157532038,OUT,CHECK,startServer,ready
2022-05-20 21:29:49.521691749 +0700 WIB m=+13.762488691,OUT,START,startServer,Serving HTTP on 0.0.0.0 port 8080 (http://0.0.0.0:8080/) ...
2022-05-20 21:29:49.521720211 +0700 WIB m=+13.762517151,OUT,START,startServer,
2022-05-20 21:29:49.521809506 +0700 WIB m=+13.762606446,OUT,START,startServer,"Keyboard interrupt received, exiting."
2022-05-20 21:47:02.441039928 +0700 WIB m=+2.159693153,OUT,CHECK,startServer,not ready
2022-05-20 21:47:04.442630917 +0700 WIB m=+4.161284136,OUT,CHECK,startServer,not ready
2022-05-20 21:47:06.444521082 +0700 WIB m=+6.163174299,OUT,CHECK,startServer,not ready
2022-05-20 21:47:08.446122424 +0700 WIB m=+8.164775642,OUT,CHECK,startServer,not ready
2022-05-20 21:47:10.448127769 +0700 WIB m=+10.166780988,OUT,CHECK,startServer,not ready
2022-05-20 21:47:10.485755606 +0700 WIB m=+10.204408848,OUT,START,startServer,Serving HTTP on 0.0.0.0 port 8080 (http://0.0.0.0:8080/) ...
2022-05-20 21:47:12.450258066 +0700 WIB m=+12.168911295,OUT,CHECK,startServer,not ready
2022-05-20 21:47:12.451182177 +0700 WIB m=+12.169835396,OUT,CHECK,startServer,ready
2022-05-20 21:47:14.055628754 +0700 WIB m=+13.774281973,OUT,START,startServer,
2022-05-20 21:47:14.055653094 +0700 WIB m=+13.774306317,OUT,START,startServer,"Keyboard interrupt received, exiting."
2022-05-21 09:07:51.09107861 +0700 WIB m=+2.158130072,OUT,CHECK,startServer,not ready
2022-05-21 09:07:53.092729183 +0700 WIB m=+4.159780640,OUT,CHECK,startServer,not ready
2022-05-21 09:07:55.094347934 +0700 WIB m=+6.161399399,OUT,CHECK,startServer,not ready
2022-05-21 09:07:57.096122721 +0700 WIB m=+8.163174202,OUT,CHECK,startServer,not ready
2022-05-21 09:07:59.097551874 +0700 WIB m=+10.164603336,OUT,CHECK,startServer,not ready
2022-05-21 09:07:59.168783175 +0700 WIB m=+10.235834635,OUT,START,startServer,Serving HTTP on 0.0.0.0 port 8080 (http://0.0.0.0:8080/) ...
2022-05-21 09:08:01.099200663 +0700 WIB m=+12.166252120,OUT,CHECK,startServer,not ready
2022-05-21 09:08:01.100170209 +0700 WIB m=+12.167221667,OUT,CHECK,startServer,ready
2022-05-21 09:08:02.70308479 +0700 WIB m=+13.770136249,OUT,START,startServer,
2022-05-21 09:08:02.703125722 +0700 WIB m=+13.770177179,OUT,START,startServer,"Keyboard interrupt received, exiting."
2022-05-22 07:20:37.661445135 +0700 WIB m=+2.284930902,OUT,CHECK,startServer,not ready
2022-05-22 07:20:39.664589387 +0700 WIB m=+4.288075159,OUT,CHECK,startServer,not ready
2022-05-22 07:20:41.668038643 +0700 WIB m=+6.291524411,OUT,CHECK,startServer,not ready
2022-05-22 07:20:43.670446597 +0700 WIB m=+8.293932375,OUT,CHECK,startServer,not ready
2022-05-22 07:20:45.672576244 +0700 WIB m=+10.296062008,OUT,CHECK,startServer,not ready
2022-05-22 07:20:45.749152136 +0700 WIB m=+10.372637900,OUT,START,startServer,Serving HTTP on 0.0.0.0 port 8080 (http://0.0.0.0:8080/) ...
2022-05-22 07:20:47.674890919 +0700 WIB m=+12.298376689,OUT,CHECK,startServer,not ready
2022-05-22 07:20:47.675905935 +0700 WIB m=+12.299391714,OUT,CHECK,startServer,ready
2022-05-22 07:20:49.279095711 +0700 WIB m=+13.902581471,OUT,START,startServer,
2022-05-22 07:20:49.279120383 +0700 WIB m=+13.902606144,OUT,START,startServer,"Keyboard interrupt received, exiting."
2022-05-28 13:04:51.856920227 +0700 WIB m=+2.155371507,OUT,CHECK,startServer,not ready
2022-05-28 13:04:53.858543055 +0700 WIB m=+4.156994336,OUT,CHECK,startServer,not ready
2022-05-28 13:04:55.860268185 +0700 WIB m=+6.158719466,OUT,CHECK,startServer,not ready
2022-05-28 13:04:57.861971835 +0700 WIB m=+8.160423123,OUT,CHECK,startServer,not ready
2022-05-28 13:04:59.863384779 +0700 WIB m=+10.161836059,OUT,CHECK,startServer,not ready
2022-05-28 13:04:59.931775154 +0700 WIB m=+10.230226452,OUT,START,startServer,Serving HTTP on 0.0.0.0 port 8080 (http://0.0.0.0:8080/) ...
2022-05-28 13:05:01.864935435 +0700 WIB m=+12.163386721,OUT,CHECK,startServer,not ready
2022-05-28 13:05:01.865785373 +0700 WIB m=+12.164236654,OUT,CHECK,startServer,ready
2022-05-28 13:05:03.469402852 +0700 WIB m=+13.767854132,OUT,START,startServer,
2022-05-28 13:05:03.469424506 +0700 WIB m=+13.767875791,OUT,START,startServer,"Keyboard interrupt received, exiting."
2022-05-28 13:23:06.709027945 +0700 WIB m=+2.151669250,OUT,CHECK,startServer,not ready
2022-05-28 13:23:08.710619101 +0700 WIB m=+4.153260400,OUT,CHECK,startServer,not ready
2022-05-28 13:23:10.712257551 +0700 WIB m=+6.154843363,OUT,CHECK,startServer,not ready
2022-05-28 13:23:12.713716926 +0700 WIB m=+8.156302748,OUT,CHECK,startServer,not ready
2022-05-28 13:23:14.715571924 +0700 WIB m=+10.158157737,OUT,CHECK,startServer,not ready
2022-05-28 13:23:14.773639541 +0700 WIB m=+10.216225352,OUT,START,startServer,Serving HTTP on 0.0.0.0 port 8080 (http://0.0.0.0:8080/) ...
2022-05-28 13:23:16.717386155 +0700 WIB m=+12.159971968,OUT,CHECK,startServer,not ready
2022-05-28 13:23:16.718367682 +0700 WIB m=+12.160953497,OUT,CHECK,startServer,ready
2022-05-28 13:23:18.322437392 +0700 WIB m=+13.765023214,OUT,START,startServer,
2022-05-28 13:23:18.322467728 +0700 WIB m=+13.765053550,OUT,START,startServer,"Keyboard interrupt received, exiting."
2022-05-28 17:54:15.770428696 +0700 WIB m=+2.151911837,OUT,CHECK,startServer,not ready
2022-05-28 17:54:17.77219417 +0700 WIB m=+4.153677312,OUT,CHECK,startServer,not ready
2022-05-28 17:54:19.773671441 +0700 WIB m=+6.155154581,OUT,CHECK,startServer,not ready
2022-05-28 17:54:21.775373569 +0700 WIB m=+8.156856708,OUT,CHECK,startServer,not ready
2022-05-28 17:54:23.776904214 +0700 WIB m=+10.158387358,OUT,CHECK,startServer,not ready
2022-05-28 17:54:23.833482711 +0700 WIB m=+10.214965851,OUT,START,startServer,Serving HTTP on 0.0.0.0 port 8080 (http://0.0.0.0:8080/) ...
2022-05-28 17:54:25.778646994 +0700 WIB m=+12.160130134,OUT,CHECK,startServer,not ready
2022-05-28 17:54:25.779555603 +0700 WIB m=+12.161038743,OUT,CHECK,startServer,ready
2022-05-28 17:54:27.383962662 +0700 WIB m=+13.765445826,OUT,START,startServer,
2022-05-28 17:54:27.3840016 +0700 WIB m=+13.765484746,OUT,START,startServer,"Keyboard interrupt received, exiting."
2022-05-28 18:43:34.112685465 +0700 WIB m=+2.149356300,OUT,CHECK,startServer,not ready
2022-05-28 18:43:36.114239676 +0700 WIB m=+4.150910512,OUT,CHECK,startServer,not ready
2022-05-28 18:43:38.132721318 +0700 WIB m=+6.169392162,OUT,CHECK,startServer,not ready
2022-05-28 18:43:40.135337897 +0700 WIB m=+8.172008733,OUT,CHECK,startServer,not ready
2022-05-28 18:43:42.137615316 +0700 WIB m=+10.174286156,OUT,CHECK,startServer,not ready
2022-05-28 18:43:42.1659667 +0700 WIB m=+10.202637541,OUT,START,startServer,Serving HTTP on 0.0.0.0 port 8080 (http://0.0.0.0:8080/) ...
2022-05-28 18:43:44.139317448 +0700 WIB m=+12.175988286,OUT,CHECK,startServer,not ready
2022-05-28 18:43:44.140551968 +0700 WIB m=+12.177222804,OUT,CHECK,startServer,ready
2022-05-28 18:43:45.743794632 +0700 WIB m=+13.780465469,OUT,START,startServer,
2022-05-28 18:43:45.743818402 +0700 WIB m=+13.780489242,OUT,START,startServer,"Keyboard interrupt received, exiting."
2022-05-28 18:53:50.422029967 +0700 WIB m=+2.195499805,OUT,CHECK,startServer,not ready
2022-05-28 18:53:52.424337414 +0700 WIB m=+4.197807258,OUT,CHECK,startServer,not ready
2022-05-28 18:53:54.426053994 +0700 WIB m=+6.199523831,OUT,CHECK,startServer,not ready
2022-05-28 18:53:56.428251665 +0700 WIB m=+8.201721513,OUT,CHECK,startServer,not ready
2022-05-28 18:53:58.430338588 +0700 WIB m=+10.203808432,OUT,CHECK,startServer,not ready
2022-05-28 18:53:58.48378413 +0700 WIB m=+10.257253980,OUT,START,startServer,Serving HTTP on 0.0.0.0 port 8080 (http://0.0.0.0:8080/) ...
2022-05-28 18:54:00.432066352 +0700 WIB m=+12.205536196,OUT,CHECK,startServer,not ready
2022-05-28 18:54:00.433706665 +0700 WIB m=+12.207176506,OUT,CHECK,startServer,ready
2022-05-28 18:54:02.037818781 +0700 WIB m=+13.811335060,OUT,START,startServer,
2022-05-28 18:54:02.037923248 +0700 WIB m=+13.811439527,OUT,START,startServer,"Keyboard interrupt received, exiting."
2022-05-28 19:08:58.341646557 +0700 WIB m=+2.152484795,OUT,CHECK,startServer,not ready
2022-05-28 19:09:00.343674205 +0700 WIB m=+4.154512450,OUT,CHECK,startServer,not ready
2022-05-28 19:09:02.345420443 +0700 WIB m=+6.156255233,OUT,CHECK,startServer,not ready
2022-05-28 19:09:04.347290439 +0700 WIB m=+8.158125208,OUT,CHECK,startServer,not ready
2022-05-28 19:09:06.348969228 +0700 WIB m=+10.159803998,OUT,CHECK,startServer,not ready
2022-05-28 19:09:06.385263773 +0700 WIB m=+10.196098542,OUT,START,startServer,Serving HTTP on 0.0.0.0 port 8080 (http://0.0.0.0:8080/) ...
2022-05-28 19:09:08.350631804 +0700 WIB m=+12.161466573,OUT,CHECK,startServer,not ready
2022-05-28 19:09:08.351770428 +0700 WIB m=+12.162605198,OUT,CHECK,startServer,ready
2022-05-28 19:09:09.955773426 +0700 WIB m=+13.766608195,OUT,START,startServer,
2022-05-28 19:09:09.955814548 +0700 WIB m=+13.766649316,OUT,START,startServer,"Keyboard interrupt received, exiting."
2022-05-28 19:46:59.675349798 +0700 WIB m=+2.211113187,OUT,CHECK,startServer,not ready
2022-05-28 19:47:01.677410666 +0700 WIB m=+4.212896844,OUT,CHECK,startServer,not ready
2022-05-28 19:47:03.67974803 +0700 WIB m=+6.215234205,OUT,CHECK,startServer,not ready
2022-05-28 19:47:05.681488559 +0700 WIB m=+8.216974735,OUT,CHECK,startServer,not ready
2022-05-28 19:47:07.683304616 +0700 WIB m=+10.218790789,OUT,CHECK,startServer,not ready
2022-05-28 19:47:07.769559764 +0700 WIB m=+10.305045953,OUT,START,startServer,Serving HTTP on 0.0.0.0 port 8080 (http://0.0.0.0:8080/) ...
2022-05-28 19:47:09.685885771 +0700 WIB m=+12.221371944,OUT,CHECK,startServer,not ready
2022-05-28 19:47:09.686759968 +0700 WIB m=+12.222246141,OUT,CHECK,startServer,ready
2022-05-28 19:47:11.290814577 +0700 WIB m=+13.826300751,OUT,START,startServer,
2022-05-28 19:47:11.290852304 +0700 WIB m=+13.826338479,OUT,START,startServer,"Keyboard interrupt received, exiting."
2022-05-28 20:10:36.625735545 +0700 WIB m=+2.288631603,OUT,CHECK,startServer,not ready
2022-05-28 20:10:38.628197147 +0700 WIB m=+4.291093213,OUT,CHECK,startServer,not ready
2022-05-28 20:10:40.630261643 +0700 WIB m=+6.293157708,OUT,CHECK,startServer,not ready
2022-05-28 20:10:42.632062364 +0700 WIB m=+8.294958420,OUT,CHECK,startServer,not ready
2022-05-28 20:10:44.634170667 +0700 WIB m=+10.297066731,OUT,CHECK,startServer,not ready
2022-05-28 20:10:44.724765463 +0700 WIB m=+10.387661524,OUT,START,startServer,Serving HTTP on 0.0.0.0 port 8080 (http://0.0.0.0:8080/) ...
2022-05-28 20:10:46.635864814 +0700 WIB m=+12.298760871,OUT,CHECK,startServer,not ready
2022-05-28 20:10:46.637885537 +0700 WIB m=+12.300781601,OUT,CHECK,startServer,ready
2022-05-28 20:10:48.241622246 +0700 WIB m=+13.904518301,OUT,START,startServer,
2022-05-28 20:10:48.241650547 +0700 WIB m=+13.904546603,OUT,START,startServer,"Keyboard interrupt received, exiting."
2022-05-28 20:36:42.583669656 +0700 WIB m=+2.205336615,OUT,CHECK,startServer,not ready
2022-05-28 20:36:44.585764157 +0700 WIB m=+4.207431114,OUT,CHECK,startServer,not ready
2022-05-28 20:36:46.587750938 +0700 WIB m=+6.209417880,OUT,CHECK,startServer,not ready
2022-05-28 20:36:48.589677858 +0700 WIB m=+8.211344818,OUT,CHECK,startServer,not ready
2022-05-28 20:36:50.591494802 +0700 WIB m=+10.213161749,OUT,CHECK,startServer,not ready
2022-05-28 20:36:50.638644183 +0700 WIB m=+10.260311129,OUT,START,startServer,Serving HTTP on 0.0.0.0 port 8080 (http://0.0.0.0:8080/) ...
2022-05-28 20:36:52.593199054 +0700 WIB m=+12.214865999,OUT,CHECK,startServer,not ready
2022-05-28 20:36:52.594932552 +0700 WIB m=+12.216599501,OUT,CHECK,startServer,ready
2022-05-28 20:36:54.198013749 +0700 WIB m=+13.819680688,OUT,START,startServer,
2022-05-28 20:36:54.198037252 +0700 WIB m=+13.819704197,OUT,START,startServer,"Keyboard interrupt received, exiting."
