2022-05-29 08:55:53.150860702 +0700 WIB m=+0.184126897,OUT,START,printHelloWorld,hello world
2022-05-29 08:55:53.555307487 +0700 WIB m=+0.166611624,OUT,START,printHelloWorld,hello world
2022-05-29 08:55:53.555552792 +0700 WIB m=+0.166856931,OUT,START,printHelloHuman,hello human
2022-05-29 08:55:53.942882237 +0700 WIB m=+0.151823170,OUT,START,printHelloHuman,はじめまして human
2022-05-29 08:55:54.333783521 +0700 WIB m=+0.157322618,OUT,START,printHelloHuman,Hola human
2022-05-29 08:55:54.728279368 +0700 WIB m=+0.160939603,OUT,START,printHelloHuman,hello Go Frendi
2022-05-29 08:55:55.115704268 +0700 WIB m=+0.156003566,OUT,START,printHelloHuman,hello Avogadro
2022-05-29 08:55:58.355979692 +0700 WIB m=+3.003668372,OUT,START,printHelloHuman,hello Robert Boyle
2022-05-29 08:56:02.596235392 +0700 WIB m=+4.004017476,OUT,START,printHelloWorld,hello world
2022-05-29 09:26:30.910719154 +0700 WIB m=+0.173813969,OUT,START,printHelloWorld,hello world
2022-05-29 09:26:31.325116372 +0700 WIB m=+0.176209792,OUT,START,printHelloWorld,hello world
2022-05-29 09:26:31.325156165 +0700 WIB m=+0.176249588,OUT,START,printHelloHuman,hello human
2022-05-29 09:26:31.751648215 +0700 WIB m=+0.189146974,OUT,START,printHelloHuman,はじめまして human
2022-05-29 09:26:32.140166513 +0700 WIB m=+0.152896021,OUT,START,printHelloHuman,Hola human
2022-05-29 09:26:32.528940809 +0700 WIB m=+0.156098131,OUT,START,printHelloHuman,hello Go Frendi
2022-05-29 09:26:32.925854931 +0700 WIB m=+0.159829871,OUT,START,printHelloHuman,hello Avogadro
2022-05-29 09:26:36.170532266 +0700 WIB m=+3.003570691,OUT,START,printHelloHuman,hello Robert Boyle
2022-05-29 09:26:40.420114709 +0700 WIB m=+4.004422329,OUT,START,printHelloWorld,hello world
2022-05-29 09:58:54.130720455 +0700 WIB m=+0.211795253,OUT,START,printHelloWorld,hello world
2022-05-29 09:58:54.592823147 +0700 WIB m=+0.218836456,OUT,START,printHelloHuman,hello human
2022-05-29 09:58:54.592920283 +0700 WIB m=+0.218933594,OUT,START,printHelloWorld,hello world
2022-05-29 09:58:55.089829792 +0700 WIB m=+0.254501802,OUT,START,printHelloHuman,はじめまして human
2022-05-29 09:58:55.534414915 +0700 WIB m=+0.205300024,OUT,START,printHelloHuman,Hola human
2022-05-29 09:58:56.024263915 +0700 WIB m=+0.241826046,OUT,START,printHelloHuman,hello Go Frendi
2022-05-29 09:58:56.475393821 +0700 WIB m=+0.210187693,OUT,START,printHelloHuman,hello Avogadro
2022-05-29 09:58:58.723883814 +0700 WIB m=+2.004083749,OUT,START,printHelloHuman,hello
2022-05-29 09:59:03.760535337 +0700 WIB m=+4.005055703,OUT,START,printHelloWorld,hello world
2022-05-29 10:24:30.27711408 +0700 WIB m=+0.251453736,OUT,START,printHelloWorld,hello world
2022-05-29 10:24:30.699332546 +0700 WIB m=+0.181744589,OUT,START,printHelloHuman,hello human
2022-05-29 10:24:30.699339001 +0700 WIB m=+0.181751045,OUT,START,printHelloWorld,hello world
2022-05-29 10:24:31.116936759 +0700 WIB m=+0.180712690,OUT,START,printHelloHuman,はじめまして human
2022-05-29 10:24:31.518172013 +0700 WIB m=+0.163502367,OUT,START,printHelloHuman,Hola human
2022-05-29 10:24:32.000546284 +0700 WIB m=+0.225194494,OUT,START,printHelloHuman,hello Go Frendi
2022-05-29 10:24:32.418549237 +0700 WIB m=+0.179401834,OUT,START,printHelloHuman,hello Avogadro
2022-05-29 10:24:34.662492618 +0700 WIB m=+2.002935432,OUT,START,printHelloHuman,hello
2022-05-29 10:24:39.701321023 +0700 WIB m=+4.006586100,OUT,START,printHelloWorld,hello world
2022-05-29 10:32:37.25732208 +0700 WIB m=+0.201038349,OUT,START,printHelloWorld,hello world
2022-05-29 10:32:37.67729851 +0700 WIB m=+0.184273668,OUT,START,printHelloWorld,hello world
2022-05-29 10:32:38.148496328 +0700 WIB m=+0.224865239,OUT,START,printHelloHuman,はじめまして human
2022-05-29 10:32:38.560382443 +0700 WIB m=+0.175243585,OUT,START,printHelloHuman,Hola human
2022-05-29 10:32:38.97252328 +0700 WIB m=+0.179612404,OUT,START,printHelloHuman,hello Go Frendi
2022-05-29 10:32:39.366551902 +0700 WIB m=+0.161445603,OUT,START,printHelloHuman,hello Avogadro
2022-05-29 10:32:42.605338841 +0700 WIB m=+3.004156786,OUT,START,printHelloHuman,hello Robert Boyle
2022-05-29 10:32:46.848408508 +0700 WIB m=+4.004993445,OUT,START,printHelloWorld,hello world
2022-05-29 10:39:41.008682648 +0700 WIB m=+0.155032592,OUT,START,printHelloWorld,hello world
2022-05-29 10:39:41.421517254 +0700 WIB m=+0.166889497,OUT,START,printHelloHuman,hello human
2022-05-29 10:39:41.421518607 +0700 WIB m=+0.166890850,OUT,START,printHelloWorld,hello world
2022-05-29 10:39:41.838029357 +0700 WIB m=+0.167969519,OUT,START,printHelloHuman,はじめまして human
2022-05-29 10:39:42.268775567 +0700 WIB m=+0.194559811,OUT,START,printHelloHuman,Hola human
2022-05-29 10:39:42.661200166 +0700 WIB m=+0.156342738,OUT,START,printHelloHuman,hello Go Frendi
2022-05-29 10:39:43.099285317 +0700 WIB m=+0.200374286,OUT,START,printHelloHuman,hello Avogadro
2022-05-29 10:39:46.350792583 +0700 WIB m=+3.004259096,OUT,START,printHelloHuman,hello Robert Boyle
2022-05-29 10:39:50.600370451 +0700 WIB m=+4.004421357,OUT,START,printHelloWorld,hello world
2022-05-29 10:47:12.11753634 +0700 WIB m=+0.168276791,OUT,START,printHelloWorld,hello world
2022-05-29 10:47:12.491961091 +0700 WIB m=+0.141038375,OUT,START,printHelloWorld,hello world
2022-05-29 10:47:12.492073852 +0700 WIB m=+0.141151137,OUT,START,printHelloHuman,hello human
2022-05-29 10:47:12.87095273 +0700 WIB m=+0.147419349,OUT,START,printHelloHuman,はじめまして human
2022-05-29 10:47:13.272871025 +0700 WIB m=+0.167753820,OUT,START,printHelloHuman,Hola human
2022-05-29 10:47:13.672356018 +0700 WIB m=+0.163776281,OUT,START,printHelloHuman,hello Go Frendi
2022-05-29 10:47:14.064188753 +0700 WIB m=+0.157583205,OUT,START,printHelloHuman,hello Avogadro
2022-05-29 10:47:16.301701063 +0700 WIB m=+2.002959339,OUT,START,printHelloHuman,hello
2022-05-29 10:47:21.33401252 +0700 WIB m=+4.003743475,OUT,START,printHelloWorld,hello world
2022-05-29 11:00:27.14062458 +0700 WIB m=+0.191879500,OUT,START,printHelloWorld,hello world
2022-05-29 11:00:27.672877746 +0700 WIB m=+0.279871733,OUT,START,printHelloWorld,hello world
2022-05-29 11:00:27.67308254 +0700 WIB m=+0.280076528,OUT,START,printHelloHuman,hello human
2022-05-29 11:00:28.192761425 +0700 WIB m=+0.277809927,OUT,START,printHelloHuman,はじめまして human
2022-05-29 11:00:28.743643818 +0700 WIB m=+0.305767842,OUT,START,printHelloHuman,Hola human
2022-05-29 11:00:29.316550299 +0700 WIB m=+0.299312252,OUT,START,printHelloHuman,hello Go Frendi
2022-05-29 11:00:29.760727804 +0700 WIB m=+0.208169242,OUT,START,printHelloHuman,hello Avogadro
2022-05-29 11:00:32.004488884 +0700 WIB m=+2.004238886,OUT,START,printHelloHuman,hello
2022-05-29 11:00:37.034391558 +0700 WIB m=+4.005114327,OUT,START,printHelloWorld,hello world
2022-05-29 11:28:55.442907818 +0700 WIB m=+0.185155534,OUT,START,printHelloWorld,hello world
2022-05-29 11:28:55.442916199 +0700 WIB m=+0.185163919,OUT,START,printHelloHuman,hello human
2022-05-29 11:28:55.983188926 +0700 WIB m=+0.190741917,OUT,START,printHelloHuman,はじめまして human
2022-05-29 11:28:56.518953873 +0700 WIB m=+0.190782858,OUT,START,printHelloHuman,Hola human
2022-05-29 11:28:57.04249686 +0700 WIB m=+0.183495113,OUT,START,printHelloHuman,hello Go Frendi
2022-05-29 11:28:57.551438041 +0700 WIB m=+0.173380602,OUT,START,printHelloHuman,hello Avogadro
2022-05-29 11:28:59.904485889 +0700 WIB m=+2.006939758,OUT,START,printHelloHuman,hello
2022-05-29 11:29:04.942332146 +0700 WIB m=+4.004937254,OUT,START,printHelloWorld,hello world
